"datetime","date","account_type","category","type","asset_class","name","symbol","shares","price","amount","fee","tax","currency","original_amount","original_currency","fx_rate","description","transaction_id","counterparty_name","counterparty_iban","payment_reference","mcc_code"
"2025-01-01T03:46:50.757394Z","2025-01-01","DEFAULT","CASH","INTEREST_PAYMENT","","","","","","31.370000","","0.00","EUR","","","","Interest payment Booking","5be32435-9353-4ae6-a497-207b782f1e17","","","",""
"2025-01-01T11:28:28.990242Z","2025-01-01","DEFAULT","CASH","CARD_TRANSACTION","","CAPRABO 415 LA FARGA","","","","-17.490000","","","EUR","","","","TR Card Transaction","d3071f82-4cd5-4c90-90af-abbb33063aa3","","","","5411"
"2025-01-01T09:08:07.057948Z","2025-01-01","DEFAULT","CASH","CARD_TRANSACTION","","CONFECCIONES SANTOS 5","","","","-11.900000","","","EUR","","","","TR Card Transaction","5009509d-61fc-42a9-bf54-067eb526fe8c","","","","5651"
"2025-01-02T07:48:27.072756Z","2025-01-02","DEFAULT","CASH","CARD_TRANSACTION","","EL PA DEL BARRI II","","","","-1.000000","","","EUR","","","","TR Card Transaction","a78667af-9ab3-4ba2-8fb9-d9ff99ef17cc","","","","5411"
"2025-01-02T07:48:15.280179Z","2025-01-02","DEFAULT","CASH","CARD_TRANSACTION","","COALIMENT JOSEP T. I JOAN","","","","-2.950000","","","EUR","","","","TR Card Transaction","7f58696e-47e2-4f1c-bd18-7d7f2e451fac","","","","5411"
"2025-01-02T15:48:54.503Z","2025-01-02","DEFAULT","TRADING","BUY","FUND","S&P 500 Information Tech USD (Acc)","IE00B3WJKG14","0.2031740000","33.075000","-6.72","","","EUR","","","","Savings plan execution IE00B3WJKG14 iShares V plc - iShares S&P 500 Information Technology Sector UCITS ETF USD (Acc), quantity: 0.203174","6e088d2a-dff1-4eb7-8668-96612018426f","","","",""
"2025-01-02T18:24:37.406817Z","2025-01-02","DEFAULT","CASH","BENEFITS_SAVEBACK","FUND","Russell 2000 USD (Acc)","IE00BJZ2DD79","","","9.250000","","","EUR","","","","Your Saveback payment","bd95e9f1-16a7-48c2-9935-fb31a92a15df","","","",""
"2025-01-02T18:39:14.199Z","2025-01-02","DEFAULT","TRADING","BUY","FUND","Russell 2000 USD (Acc)","IE00BJZ2DD79","0.0286860000","322.450000","-9.25","","","EUR","","","","Savings plan execution IE00BJZ2DD79 Xtrackers (IE) Plc - Xtrackers Russell 2000 UCITS ETF 1C, quantity: 0.028686","fc450d0b-9272-4eb4-88d5-26915ebdcb0b","","","",""
"2025-01-02T18:39:22.693Z","2025-01-02","DEFAULT","TRADING","BUY","FUND","Russell 2000 USD (Acc)","IE00BJZ2DD79","0.1550620000","322.450000","-50.00","","","EUR","","","","Savings plan execution IE00BJZ2DD79 Xtrackers (IE) Plc - Xtrackers Russell 2000 UCITS ETF 1C, quantity: 0.155062","7d9a698a-3b25-4699-912e-3fed85e497c6","","","",""
"2025-01-03T12:10:08.038784Z","2025-01-03","DEFAULT","CASH","CARD_TRANSACTION","","MERCADONA PRAT DE LA RIBA","","","","-9.300000","","","EUR","","","","TR Card Transaction","5c0f59a2-bf3d-45b6-8e5f-a9bcca0fc2d1","","","","5411"
"2025-01-03T12:12:53.755332Z","2025-01-03","DEFAULT","CASH","CARD_TRANSACTION","","LIDL PAY","","","","-64.890000","","","EUR","","","","TR Card Transaction","9a3fc9de-16e7-4863-af6f-0602e8597ee7","","","","5411"
"2025-01-03T07:11:06.332752Z","2025-01-03","DEFAULT","CASH","CARD_TRANSACTION","","Xurreria Roman","","","","-5.000000","","","EUR","","","","TR Card Transaction","eca21157-13e8-4385-b86c-cba3b45f1263","","","","5411"
"2025-01-03T10:50:05.527881Z","2025-01-03","DEFAULT","CASH","CARD_TRANSACTION","","E.S. TAMOIL GORNAL","","","","-11.000000","","","EUR","","","","TR Card Transaction","9ea0308a-37ba-40cc-8a66-6b348b541532","","","","5541"
"2025-01-03T12:12:57.939418Z","2025-01-03","DEFAULT","CASH","CARD_TRANSACTION","","BON AREA","","","","-16.010000","","","EUR","","","","TR Card Transaction","a61a633b-8805-498a-8202-1634e6250952","","","","5411"
"2025-01-03T12:12:08.890530Z","2025-01-03","DEFAULT","CASH","CARD_TRANSACTION","","NEGOCIOS JENNY","","","","-0.590000","","","EUR","","","","TR Card Transaction","61ec65d6-1605-4c8b-9141-675880b215cb","","","","5411"
"2025-01-04T12:17:36.214072Z","2025-01-04","DEFAULT","CASH","CARD_TRANSACTION","","SANNIN","","","","-31.800000","","","EUR","","","","TR Card Transaction","255eb801-c792-4c84-9268-7424dec5a60f","","","","5812"
"2025-01-04T07:10:50.714329Z","2025-01-04","DEFAULT","CASH","CARD_TRANSACTION","","GOLEMS","","","","-3.000000","","","EUR","","","","TR Card Transaction","42972f10-5c16-46e3-b613-d654f334a004","","","","7922"
"2025-01-04T07:43:35.472348Z","2025-01-04","DEFAULT","CASH","CARD_TRANSACTION","","ATRAPALO.COM","","","","-30.000000","","","EUR","","","","TR Card Transaction","4f8b4816-b8ed-4cba-8f51-b0a2dabdafa8","","","","4722"
"2025-01-05T12:22:58.483092Z","2025-01-05","DEFAULT","CASH","CARD_TRANSACTION","","MERCADONA PRAT DE LA RIBA","","","","-17.700000","","","EUR","","","","TR Card Transaction","215eeec7-3507-4406-ae86-094d84b57ef9","","","","5411"
"2025-01-06T10:15:20.761134Z","2025-01-06","DEFAULT","CASH","CARD_TRANSACTION","","SUSHISOM","","","","-104.500000","","","EUR","","","","TR Card Transaction","ebb7af6c-a8fe-4770-9785-385129e2fa44","","","","5812"
"2025-01-06T08:05:39.217923Z","2025-01-06","DEFAULT","CASH","CARD_TRANSACTION","","SWEEET SURPISE BAKERY","","","","-26.000000","","","EUR","","","","TR Card Transaction","00bd5671-12da-4423-934e-8a73743584a0","","","","5411"
"2025-01-07T08:07:23.408529Z","2025-01-07","DEFAULT","CASH","CARD_TRANSACTION","","COALIMENT JOSEP T. I JOAN","","","","-1.250000","","","EUR","","","","TR Card Transaction","d72b6f7d-106b-44d9-ad6e-af68354ea518","","","","5411"
"2025-01-07T08:15:50.762435Z","2025-01-07","DEFAULT","CASH","CARD_TRANSACTION","","FEVER* CANDLELIGHT LO","","","","-81.900000","","","EUR","","","","TR Card Transaction","3207f7d8-21a3-4482-8b11-3b12c3b05933","","","","7922"
"2025-01-07T08:06:39.369748Z","2025-01-07","DEFAULT","CASH","CARD_TRANSACTION","","COALIMENT JOSEP T. I JOAN","","","","-2.750000","","","EUR","","","","TR Card Transaction","3bcbd24f-8d89-47a6-8b85-c10d4d39fcfd","","","","5411"
"2025-01-08T07:46:31.556887Z","2025-01-08","DEFAULT","CASH","CARD_TRANSACTION","","BSM AP TANATORI DE LES CO","","","","-13.700000","","","EUR","","","","TR Card Transaction","9889d8a4-1816-402d-b9ca-38adca7e3a09","","","","7523"
"2025-01-08T07:23:54.963145Z","2025-01-08","DEFAULT","CASH","CARD_TRANSACTION","","Netflix.com","","","","-6.990000","","","EUR","","","","TR Card Transaction","d399fdbb-456e-4131-a733-eb138078d67e","","","","4899"
"2025-01-09T14:58:16.181Z","2025-01-09","DEFAULT","TRADING","BUY","FUND","S&P 500 Information Tech USD (Acc)","IE00B3WJKG14","0.2931580000","32.815000","-9.62","","","EUR","","","","Savings plan execution IE00B3WJKG14 iShares V plc - iShares S&P 500 Information Technology Sector UCITS ETF USD (Acc), quantity: 0.293158","19760408-8000-47f5-84ff-defd47acfe03","","","",""
"2025-01-11T10:48:14.789258Z","2025-01-11","DEFAULT","CASH","CARD_TRANSACTION","","LIDL LHOSPITALET","","","","-12.160000","","","EUR","","","","TR Card Transaction","d2e9f019-4502-41ee-a1d8-0899d9686ed8","","","","5411"
"2025-01-12T08:54:47.174953Z","2025-01-12","DEFAULT","CASH","CARD_TRANSACTION","","VIVES AMBROS SL","","","","-57.000000","","","EUR","","","","TR Card Transaction","782bf652-ef91-4c4e-babc-99f3cd326643","","","","5411"
"2025-01-12T07:11:02.579304Z","2025-01-12","DEFAULT","CASH","CARD_TRANSACTION","","AJ. MONTFERRI SANTUARI","","","","-15.000000","","","EUR","","","","TR Card Transaction","51d6eae2-e011-4e17-b878-1d6227436c0d","","","","9399"
"2025-01-14T08:57:24.448391Z","2025-01-14","DEFAULT","CASH","CARD_TRANSACTION","","ALIEXPRESSCOM","","","","-5.280000","","","EUR","","","","TR Card Transaction","53177943-e06d-4106-b5e2-2a8ed05985a7","","","","5311"
"2025-01-14T11:57:51.066761Z","2025-01-14","DEFAULT","CASH","CARD_TRANSACTION","","LIDL PAY","","","","-48.310000","","","EUR","","","","TR Card Transaction","5a4a3b61-9277-4038-bc7b-64ad178826e0","","","","5411"
"2025-01-16T12:31:39.629267Z","2025-01-16","DEFAULT","CASH","CARD_TRANSACTION_INTERNATIONAL","","aliexpress","","","","-5.570000","","","EUR","","","","TR Card Transaction","6f5249e5-9ee0-4626-b5c0-11863c7f0522","","","","5311"
"2025-01-16T11:59:42.945075Z","2025-01-16","DEFAULT","CASH","CARD_TRANSACTION","","LIDL PAY","","","","-2.690000","","","EUR","","","","TR Card Transaction","c02a8849-0540-4fac-94b8-a24fa17b6886","","","","5411"
"2025-01-16T08:59:14.398721Z","2025-01-16","DEFAULT","CASH","CARD_TRANSACTION","","ALIEXPRESSCOM","","","","-10.800000","","","EUR","","","","TR Card Transaction","188d1a1f-f8bb-47d4-870a-458b9bf2e6c3","","","","5311"
"2025-01-16T15:01:20.963Z","2025-01-16","DEFAULT","TRADING","BUY","FUND","S&P 500 Information Tech USD (Acc)","IE00B3WJKG14","0.1583710000","32.771000","-5.19","","","EUR","","","","Savings plan execution IE00B3WJKG14 iShares V plc - iShares S&P 500 Information Technology Sector UCITS ETF USD (Acc), quantity: 0.158371","41821388-a2dc-4713-a5d0-b76d60498d9c","","","",""
"2025-01-17T19:14:05.160Z","2025-01-17","DEFAULT","TRADING","SELL","CRYPTO","Bitcoin","BTC","-0.0099140000","100861.840000","999.94","-1.00","","EUR","","","","Ausführung Kauf/Verkauf XF000BTC0017","68f62a48-4303-4137-b4d0-d523c5756167","","","",""
"2025-01-18T12:40:59.290610Z","2025-01-18","DEFAULT","CASH","CARD_TRANSACTION","","VIVARI RIERA BLANCA","","","","-1.700000","","","EUR","","","","TR Card Transaction","9a71ccf0-41ed-4b25-98fa-27580074689a","","","","5813"
"2025-01-18T12:44:15.060828Z","2025-01-18","DEFAULT","CASH","CARD_TRANSACTION","","CATALUNYA DONER KEBAB SAN","","","","-12.600000","","","EUR","","","","TR Card Transaction","a0017c4c-917c-4770-bc6c-2a4280d7468b","","","","5814"
"2025-01-19T13:16:44.972750Z","2025-01-19","DEFAULT","CASH","CARD_TRANSACTION","","CRED AREA DE MONTCADA SUR","","","","-40.000000","","","EUR","","","","TR Card Transaction","2964d73d-7514-4b41-90fd-6e8755558638","","","","5541"
"2025-01-22T11:59:31.627336Z","2025-01-22","DEFAULT","CASH","CARD_TRANSACTION","","LIDL PAY","","","","-29.600000","","","EUR","","","","TR Card Transaction","aa1267e9-fc99-44e4-9e37-7bfc999ab826","","","","5411"
"2025-01-23T10:57:54.371Z","2025-01-23","DEFAULT","TRADING","BUY","FUND","Physical Swiss Gold USD ","JE00B588CD74","0.0082950000","253.160000","-2.10","","","EUR","","","","Savings plan execution JE00B588CD74 WisdomTree Physical Swiss Gold, quantity: 0.008295","e2315f9c-30a7-49f6-ac9c-56e159da4eed","","","",""
"2025-01-25T12:34:48.641835Z","2025-01-25","DEFAULT","CASH","CARD_TRANSACTION","","LIDL PAY","","","","-2.560000","","","EUR","","","","TR Card Transaction","1f4965cd-de58-408d-bbe3-b2996c6faf4b","","","","5411"
"2025-01-27T08:10:23.426114Z","2025-01-27","DEFAULT","CASH","CARD_TRANSACTION","","BON AREA","","","","-10.210000","","","EUR","","","","TR Card Transaction","d8278eb9-682a-450f-bbb1-6164886c0e34","","","","5411"
"2025-01-28T12:35:59.034603Z","2025-01-28","DEFAULT","CASH","CARD_TRANSACTION","","LIDL PAY","","","","-52.630000","","","EUR","","","","TR Card Transaction","0087cc32-4f13-403e-bf39-b2cd5ec6de0e","","","","5411"
"2025-01-29T08:22:57.544780Z","2025-01-29","DEFAULT","CASH","CARD_TRANSACTION","","AMAZON* QW9DY7YD5","","","","-21.490000","","","EUR","","","","TR Card Transaction","a5018d08-4514-435c-89f1-469cfe8967e7","","","","5999"
"2025-01-30T08:32:17.632991Z","2025-01-30","DEFAULT","CASH","CARD_TRANSACTION","","Amazon.es*3S0YX7FW5","","","","-21.250000","","","EUR","","","","TR Card Transaction","a2ffe714-c8f5-4233-ad88-b95da7134f6e","","","","5399"
"2025-01-30T07:50:49.746258Z","2025-01-30","DEFAULT","CASH","CARD_TRANSACTION","","Amazon UFG*XI20E7F75","","","","-32.540000","","","EUR","","","","TR Card Transaction","a3377c81-2a7d-4e23-8a74-5ab966a69d10","","","","5399"
"2025-01-30T12:04:14.909104Z","2025-01-30","DEFAULT","CASH","CARD_TRANSACTION","","MERCADONA PRAT DE LA RIBA","","","","-14.480000","","","EUR","","","","TR Card Transaction","40f352f6-07e4-43a3-8c41-8ff9d15fbb12","","","","5411"
"2025-02-01T07:20:56.549261Z","2025-02-01","DEFAULT","CASH","INTEREST_PAYMENT","","","","","","42.670000","","","EUR","","","","Interest payment Booking","aa397f1e-b7d7-4ba8-a63f-db60ee4b23e2","","","",""
"2025-02-02T09:06:27.478885Z","2025-02-02","DEFAULT","CASH","CARD_TRANSACTION","","LIDL PAY","","","","-4.070000","","","EUR","","","","TR Card Transaction","94d4c52d-babc-4b5b-b7dc-c19934158a6f","","","","5411"
"2025-02-03T07:41:45.114Z","2025-02-03","DEFAULT","TRADING","BUY","CRYPTO","Bitcoin","BTC","0.0000850000","95368.960000","-8.11","","","EUR","","","","Savings plan execution XF000BTC0017 Bitcoin, quantity: 0.000085","4a92b19e-8e06-438f-85d0-ab59fbda9b93","","","",""
"2025-02-03T07:44:13.235Z","2025-02-03","DEFAULT","TRADING","BUY","CRYPTO","Bitcoin","BTC","0.0005240000","95396.780000","-49.99","","","EUR","","","","Savings plan execution XF000BTC0017 Bitcoin, quantity: 0.000524","676d4e30-2713-49c9-910f-dfc1d9d13b3d","","","",""
"2025-02-03T07:56:40.574383Z","2025-02-03","DEFAULT","CASH","BENEFITS_SAVEBACK","CRYPTO","Bitcoin","BTC","","","8.110000","","","EUR","","","","Your Saveback payment","bdd61897-74ee-46c7-86f5-9b3b87c46cce","","","",""
"2025-02-03T08:14:23.391799Z","2025-02-03","DEFAULT","CASH","CARD_TRANSACTION","","LOGISTICA","","","","-45.950000","","","EUR","","","","TR Card Transaction","adb5fec3-ac94-4948-8ea0-a209a221bde9","","","","5542"
"2025-02-03T08:11:42.545140Z","2025-02-03","DEFAULT","CASH","CARD_TRANSACTION","","COALIMENT SUPERMERCAT - G","","","","-3.450000","","","EUR","","","","TR Card Transaction","0fc05c46-c99b-4016-8c71-dfc4952d7437","","","","5411"
"2025-02-03T10:59:35.243Z","2025-02-03","DEFAULT","TRADING","BUY","FUND","Physical Swiss Gold USD ","JE00B588CD74","0.0246040000","261.740000","-6.44","","","EUR","","","","Savings plan execution JE00B588CD74 WisdomTree Physical Swiss Gold, quantity: 0.024604","b7883d5a-10b4-46f3-aa0e-2a90f229b0f7","","","",""
"2025-02-04T12:36:43.965921Z","2025-02-04","DEFAULT","CASH","CARD_TRANSACTION","","LIDL PAY","","","","-4.620000","","","EUR","","","","TR Card Transaction","e2c34975-49a3-497a-af35-04da63b22036","","","","5411"
"2025-02-05T12:23:26.872744Z","2025-02-05","DEFAULT","CASH","CARD_TRANSACTION","","LIDL PAY","","","","-26.630000","","","EUR","","","","TR Card Transaction","e50f15a5-1bad-46e5-96f7-45fbe8abc6f8","","","","5411"
"2025-02-06T18:20:43.874Z","2025-02-06","DEFAULT","TRADING","BUY","CRYPTO","Bitcoin","BTC","0.0053270000","93846.750000","-499.92","-1.00","","EUR","","","","Buy trade XF000BTC0017 Bitcoin, quantity: 0.005327","6da7427e-7510-47c6-9a38-e079a4d0a336","","","",""
"2025-02-07T07:07:59.402630Z","2025-02-07","DEFAULT","CASH","CARD_TRANSACTION","","Netflix.com","","","","-6.990000","","","EUR","","","","TR Card Transaction","1132bac8-773e-4115-968b-c0abc801cb45","","","","4899"
"2025-02-08T09:33:40.629380Z","2025-02-08","DEFAULT","CASH","CARD_TRANSACTION","","UBER   *EATS","","","","-17.710000","","","EUR","","","","TR Card Transaction","7f435a12-1569-46a0-a7c3-343d6e80243c","","","","5812"
"2025-02-09T09:15:54.545841Z","2025-02-09","DEFAULT","CASH","CARD_TRANSACTION","","BASAR EUROPA ASIA","","","","-10.000000","","","EUR","","","","TR Card Transaction","2469a553-332b-4b4d-bf46-b468841c8e6d","","","","5947"
"2025-02-09T09:14:53.273445Z","2025-02-09","DEFAULT","CASH","CARD_TRANSACTION","","BASAR EUROPA ASIA","","","","-11.200000","","","EUR","","","","TR Card Transaction","0bac2fbe-197e-4f3b-a9ff-32c21e551d89","","","","5947"
"2025-02-10T11:21:03.843Z","2025-02-10","DEFAULT","TRADING","BUY","FUND","Physical Swiss Gold USD ","JE00B588CD74","0.0105960000","268.960000","-2.85","","","EUR","","","","Savings plan execution JE00B588CD74 WisdomTree Physical Swiss Gold, quantity: 0.010596","911e04e5-4d02-481c-bd33-3f21a5221fb2","","","",""
"2025-02-12T07:37:25.229813Z","2025-02-11","DEFAULT","CASH","CUSTOMER_INBOUND","","JAVIER RODRIGUEZ SERRANO","","","","2000.000000","","","EUR","","","","Transferencia desde MyInvestor","c6a6ef6f-0a67-41f9-abba-0dc034c3c69b","JAVIER RODRIGUEZ SERRANO","ES0615447889716651124504","",""
"2025-02-11T13:04:47.812489Z","2025-02-11","DEFAULT","CASH","CARD_TRANSACTION","","LIDL PAY","","","","-32.170000","","","EUR","","","","TR Card Transaction","65315897-5a4e-4292-864c-0f1db1e350d7","","","","5411"
"2025-02-12T07:55:02.532Z","2025-02-12","DEFAULT","TRADING","BUY","CRYPTO","Bitcoin","BTC","0.0053510000","93420.570000","-499.89","-1.00","","EUR","","","","Buy trade XF000BTC0017 Bitcoin, quantity: 0.005351","4cd8c8a9-6283-4adb-97c8-00d8e02cac71","","","",""
"2025-02-12T07:55:13.533Z","2025-02-12","DEFAULT","TRADING","BUY","CRYPTO","Bitcoin","BTC","0.0053510000","93434.930000","-499.97","-1.00","","EUR","","","","Buy trade XF000BTC0017 Bitcoin, quantity: 0.005351","ed12779e-27cc-4304-a516-9b167867a970","","","",""
"2025-02-12T11:46:43.088987Z","2025-02-12","DEFAULT","CASH","CARD_TRANSACTION","","BOOKING.COM","","","","-55.000000","","","EUR","","","","TR Card Transaction","7ea3e0d4-7a28-4344-8e66-e6f39026ce27","","","","4722"
"2025-02-12T07:17:33.204973Z","2025-02-12","DEFAULT","CASH","CARD_TRANSACTION","","Temu.com","","","","-10.720000","","","EUR","","","","TR Card Transaction","61a3c513-e810-417b-9a08-0cbb605d7361","","","","5399"
"2025-02-13T12:38:05.722748Z","2025-02-13","DEFAULT","CASH","CARD_TRANSACTION","","LIDL PAY","","","","-8.290000","","","EUR","","","","TR Card Transaction","b4ed9217-63f3-424d-86ed-94edee7a680c","","","","5411"
"2025-02-14T10:52:50.683110Z","2025-02-14","DEFAULT","CASH","CARD_TRANSACTION","","ES TAMOIL L HOSPITALET","","","","-14.780000","","","EUR","","","","TR Card Transaction","0292e091-14f2-42b7-9296-49a22649011f","","","","5541"
"2025-02-14T16:07:58.748240Z","2025-02-14","DEFAULT","CASH","INTEREST_PAYMENT","BOND","Aug. 2029","XS2800678224","","","64.010000","","","EUR","","","","Interest Payment for ISIN XS2800678224","63bedfa7-1d94-49cd-8273-bbf86267586a","","","",""
"2025-02-14T12:53:49.582260Z","2025-02-14","DEFAULT","CASH","CARD_TRANSACTION","","LIDL PAY","","","","-0.650000","","","EUR","","","","TR Card Transaction","9499e043-5fae-467d-a195-fea3b6ae01ec","","","","5411"
"2025-02-15T13:36:40.735560Z","2025-02-15","DEFAULT","CASH","CARD_TRANSACTION","","FARMACIA RAQUEL MORENO MU","","","","-1.000000","","","EUR","","","","TR Card Transaction","7a838297-4359-488a-a516-b745a6b4757d","","","","5912"
"2025-02-15T14:06:10.318427Z","2025-02-15","DEFAULT","CASH","CARD_TRANSACTION","","LIDL PAY","","","","-9.280000","","","EUR","","","","TR Card Transaction","48a2e495-f96f-40da-a122-76a430ab0e78","","","","5411"
"2025-02-15T13:57:16.371858Z","2025-02-15","DEFAULT","CASH","CARD_TRANSACTION","","DECO FACIL 2022","","","","-1.500000","","","EUR","","","","TR Card Transaction","522095fc-712e-4801-8b98-177357248691","","","","5947"
"2025-02-16T13:53:54.193773Z","2025-02-16","DEFAULT","CASH","CARD_TRANSACTION","","LA TAGLIATELLA","","","","-60.500000","","","EUR","","","","TR Card Transaction","66d41d3b-2a08-4f01-ab4c-43e23f8febc0","","","","5812"
"2025-02-16T14:01:32.463068Z","2025-02-16","DEFAULT","CASH","CARD_TRANSACTION","","LIDL PAY","","","","-5.670000","","","EUR","","","","TR Card Transaction","6b808c31-0c96-4103-8159-9e92f21a9757","","","","5411"
"2025-02-17T10:02:24.493227Z","2025-02-17","DEFAULT","CASH","CARD_TRANSACTION","","CHURRERIA LAVIA","","","","-7.600000","","","EUR","","","","TR Card Transaction","0755db79-55c8-4486-886e-06ef60363705","","","","5813"
"2025-02-17T10:59:08.212Z","2025-02-17","DEFAULT","TRADING","BUY","FUND","Physical Swiss Gold USD ","JE00B588CD74","0.0287300000","265.220000","-7.62","","","EUR","","","","Savings plan execution JE00B588CD74 WisdomTree Physical Swiss Gold, quantity: 0.028730","b9a756e5-a9ae-4a98-b0db-7f4165cebba8","","","",""
"2025-02-18T07:49:47.627550Z","2025-02-18","DEFAULT","CASH","CARD_TRANSACTION","","TRIBUTOSBARCELONA.COM","","","","-39.600000","","","EUR","","","","TR Card Transaction","ea8495eb-dbaa-46e5-a997-bf0703031835","","","","7991"
"2025-02-18T13:16:51.655042Z","2025-02-18","DEFAULT","CASH","CARD_TRANSACTION","","LIDL PAY","","","","-19.920000","","","EUR","","","","TR Card Transaction","2da46be2-7801-4fc4-9494-c92dcbb98cb5","","","","5411"
"2025-02-19T12:58:06.671181Z","2025-02-19","DEFAULT","CASH","CARD_TRANSACTION","","FARMACIA RAQUEL MORENO MU","","","","-1.130000","","","EUR","","","","TR Card Transaction","9401d9bc-80e3-4106-bb97-48443fcc7ed4","","","","5912"
"2025-02-22T13:37:27.816737Z","2025-02-22","DEFAULT","CASH","CARD_TRANSACTION","","CATALUNYA DONER KEBAB","","","","-13.800000","","","EUR","","","","TR Card Transaction","9f335a79-6daf-4bca-837d-ceb72445e0d4","","","","5812"
"2025-02-22T07:40:43.976299Z","2025-02-22","DEFAULT","CASH","CARD_TRANSACTION","","","","","","21.250000","","","EUR","","","","TR Card Transaction","4c100c14-98f2-4424-a752-b2b6c607c858","","","",""
"2025-02-23T14:09:27.365180Z","2025-02-23","DEFAULT","CASH","CARD_TRANSACTION","","MERCADONA PRAT DE LA RIBA","","","","-7.600000","","","EUR","","","","TR Card Transaction","1de654c8-9efd-4f6d-9bd8-1e73628c8fc9","","","","5411"
"2025-02-24T13:53:42.689Z","2025-02-24","DEFAULT","TRADING","BUY","FUND","Physical Swiss Gold USD ","JE00B588CD74","0.0074010000","270.200000","-2.00","","","EUR","","","","Savings plan execution JE00B588CD74 WisdomTree Physical Swiss Gold, quantity: 0.007401","dc67a767-9f17-4442-b7aa-4967d72f5e10","","","",""
"2025-02-24T15:25:42.984Z","2025-02-24","DEFAULT","CORPORATE_ACTION","FINAL_MATURITY","BOND","Feb. 2025","XS0213101073","-1946.5900000000","","","","","","","","","FINAL_MATURITY XS0213101073","9987674d-b6e0-398b-8398-3279fcc3de0a","","","",""
"2025-02-24T16:00:38.979079Z","2025-02-24","DEFAULT","CASH","FINAL_MATURITY","BOND","Feb. 2025","XS0213101073","","","1946.590000","","","EUR","","","","Final Maturity for ISIN XS0213101073","d409605c-5c8c-4490-bb7f-21f7e4a1e8b4","","","",""
"2025-02-24T15:50:55.747768Z","2025-02-24","DEFAULT","CASH","INTEREST_PAYMENT","BOND","Feb. 2025","XS0213101073","","","107.060000","","","EUR","","","","Interest Payment for ISIN XS0213101073","a7c22839-2b5c-4d70-a745-8f8bd566c68b","","","",""
"2025-02-24T19:59:49.318Z","2025-02-24","DEFAULT","TRADING","BUY","BOND","Mai 2028","XS1420357318","2000.0000000000","0.969800","-1983.08","-1.00","","EUR","","","","Buy trade XS1420357318 ROMANI 2 7/8 05/26/28, quantity: 2000","801bc92a-2f27-415a-9041-31c553a57c71","","","",""
"2025-02-24T19:59:49.318Z","2025-02-24","DEFAULT","TRADING","BUY","BOND","Mai 2028","XS1420357318","17.0600000000","0.969800","-16.92","","","EUR","","","","Buy trade XS1420357318 ROMANI 2 7/8 05/26/28, quantity: 17.06","7421c24d-30a6-49ef-bd57-95508d4ebc93","","","",""
"2025-02-24T20:00:54.837Z","2025-02-24","DEFAULT","TRADING","BUY","BOND","März 2028","XS2434895558","25.7200000000","0.954200","-25.08","","","EUR","","","","Buy trade XS2434895558 RUMAENIEN 22/28 MTN REGS, quantity: 25.72","eccd4e64-d5f3-4732-997d-312823ac73e7","","","",""
"2025-02-24T20:00:54.838Z","2025-02-24","DEFAULT","TRADING","BUY","BOND","März 2028","XS2434895558","1000.0000000000","0.954200","-974.93","-1.00","","EUR","","","","Buy trade XS2434895558 RUMAENIEN 22/28 MTN REGS, quantity: 1000","6223c294-913a-41d2-8d27-b7ba308db26f","","","",""
"2025-02-25T07:53:41.900391Z","2025-02-25","DEFAULT","CASH","CARD_TRANSACTION","","AMAZON* R05O72C94","","","","-13.950000","","","EUR","","","","TR Card Transaction","6f48b91a-73bc-4409-97f5-a5ccf782dff7","","","","5999"
"2025-02-25T13:02:43.945053Z","2025-02-25","DEFAULT","CASH","CARD_TRANSACTION","","LIDL PAY","","","","-24.160000","","","EUR","","","","TR Card Transaction","6591d87e-c2b4-43e0-becc-1deac9a0df3d","","","","5411"
"2025-02-27T07:17:01.938344Z","2025-02-27","DEFAULT","CASH","CARD_TRANSACTION","","CASA MARCELINO","","","","-8.100000","","","EUR","","","","TR Card Transaction","d0ff8000-7b2c-4c12-9057-30d3511285db","","","","5812"
"2025-02-27T07:48:39.881Z","2025-02-27","DEFAULT","TRADING","BUY","CRYPTO","Bitcoin","BTC","0.0059980000","83344.640000","-499.90","-1.00","","EUR","","","","Buy trade XF000BTC0017 Bitcoin, quantity: 0.005998","4b2c3184-f9d7-4cfd-9234-cfce3799616b","","","",""
"2025-02-27T14:02:02.969953Z","2025-02-27","DEFAULT","CASH","CARD_TRANSACTION","","CAN XEC","","","","-116.500000","","","EUR","","","","TR Card Transaction","661368d9-c8a6-4866-9403-6ed33a8548a5","","","","5813"
"2025-02-27T13:57:27.542050Z","2025-02-27","DEFAULT","CASH","CARD_TRANSACTION","","LIDL PAY","","","","-14.430000","","","EUR","","","","TR Card Transaction","f877d86e-b737-4084-85c9-fd8ec1d7e553","","","","5411"
"2025-02-28T14:36:32.010722Z","2025-02-28","DEFAULT","CASH","CARD_TRANSACTION","","INDUSTRIA 138","","","","-49.900000","","","EUR","","","","TR Card Transaction","c39a8d42-1250-446e-8980-35002e31dfa0","","","","5411"
"2025-02-28T14:22:48.624101Z","2025-02-28","DEFAULT","CASH","CARD_TRANSACTION","","CAN XEC","","","","-47.000000","","","EUR","","","","TR Card Transaction","dc461073-b32a-47da-88ff-a88295084975","","","","5813"
"2025-03-01T14:33:03.294922Z","2025-03-01","DEFAULT","CASH","CARD_TRANSACTION","","PANADERIA SANT JOSEP","","","","-3.450000","","","EUR","","","","TR Card Transaction","665a7adb-d8ca-4ef5-9d4e-569527aca294","","","","5813"
"2025-03-01T06:20:54.368592Z","2025-03-01","DEFAULT","CASH","INTEREST_PAYMENT","","","","","","35.660000","","","EUR","","","","Interest payment Booking","d87290d2-4633-4b08-842c-b516620b588d","","","",""
"2025-03-01T07:19:23.385181Z","2025-03-01","DEFAULT","CASH","CARD_TRANSACTION","","Bar la Font","","","","-33.000000","","","EUR","","","","TR Card Transaction","4a99d08e-0eeb-4086-9829-c79515b6429a","","","","5812"
"2025-03-01T15:19:56.767797Z","2025-03-01","DEFAULT","CASH","CARD_TRANSACTION","","C. FERRER SURTIDORS","","","","-50.000000","","","EUR","","","","TR Card Transaction","5041edf9-64cb-4990-8b8e-ca8617153bb3","","","","5542"
"2025-03-02T07:17:35.231077Z","2025-03-02","DEFAULT","CASH","CARD_TRANSACTION","","Forn la Pla§a","","","","-5.500000","","","EUR","","","","TR Card Transaction","d8cab072-67f1-43ac-b050-c30a542901db","","","","5411"
"2025-03-02T15:57:11.948711Z","2025-03-02","DEFAULT","CASH","CARD_TRANSACTION","","03RCADONA MORA D EBRE","","","","-20.070000","","","EUR","","","","TR Card Transaction","71170cd4-4e00-4b8b-a712-62fe79c175cb","","","","5411"
"2025-03-02T12:55:52.661471Z","2025-03-02","DEFAULT","CASH","CARD_TRANSACTION","","AJ CORNUDELLA","","","","-3.000000","","","EUR","","","","TR Card Transaction","733231bc-cd11-4efd-b1b5-4c2140f23fd6","","","","9399"
"2025-03-02T16:06:12.117180Z","2025-03-02","DEFAULT","CASH","CARD_TRANSACTION","","COVES DE BENIFALLET","","","","-16.000000","","","EUR","","","","TR Card Transaction","358451e5-0a09-4916-a506-a45aae32f7d7","","","","7991"
"2025-03-02T13:09:46.545899Z","2025-03-02","DEFAULT","CASH","CARD_TRANSACTION","","BAR SAFARI","","","","-3.400000","","","EUR","","","","TR Card Transaction","4defd566-1a6c-41b3-8d95-d3fef124facc","","","","5813"
"2025-03-03T07:38:13.904Z","2025-03-03","DEFAULT","TRADING","BUY","CRYPTO","Bitcoin","BTC","0.0005460000","91485.930000","-49.95","","","EUR","","","","Savings plan execution XF000BTC0017 Bitcoin, quantity: 0.000546","8564889c-278a-4188-ba15-b2cc8adc8178","","","",""
"2025-03-03T07:40:17.326Z","2025-03-03","DEFAULT","TRADING","BUY","CRYPTO","Bitcoin","BTC","0.0000840000","91493.410000","-7.69","","","EUR","","","","Savings plan execution XF000BTC0017 Bitcoin, quantity: 0.000084","78e41968-cc41-4d55-93b8-f8f30e38bba7","","","",""
"2025-03-03T08:10:41.496810Z","2025-03-03","DEFAULT","CASH","BENEFITS_SAVEBACK","CRYPTO","Bitcoin","BTC","","","7.690000","","","EUR","","","","Your Saveback payment","70fc00c9-f7a5-4d60-a72c-25dd617b1595","","","",""
"2025-03-03T10:45:29.916205Z","2025-03-03","DEFAULT","CASH","CARD_TRANSACTION","","BAR HOSTAL NOU","","","","-2.900000","","","EUR","","","","TR Card Transaction","b84e3a71-6b4c-4ff9-84f0-863330b53304","","","","5813"
"2025-03-03T10:58:37.319Z","2025-03-03","DEFAULT","TRADING","BUY","FUND","Physical Swiss Gold USD ","JE00B588CD74","0.0420800000","263.540000","-11.09","","","EUR","","","","Savings plan execution JE00B588CD74 WisdomTree Physical Swiss Gold, quantity: 0.042080","9415adaa-ade6-4247-a548-e3fd6f6fca24","","","",""
"2025-03-03T12:36:40.306230Z","2025-03-03","DEFAULT","CASH","CARD_TRANSACTION","","PUNJAB TORTOSA","","","","-16.500000","","","EUR","","","","TR Card Transaction","4aecd777-83e2-43d7-a165-06bc0e5c83b9","","","","5814"
"2025-03-04T09:59:57.189Z","2025-03-04","DEFAULT","TRADING","BUY","CRYPTO","Bitcoin","BTC","0.0049710000","80457.880000","-399.96","-1.00","","EUR","","","","Buy trade XF000BTC0017 Bitcoin, quantity: 0.004971","81193a42-4779-43df-9d1b-79539f07cdbc","","","",""
"2025-03-04T14:22:01.821556Z","2025-03-04","DEFAULT","CASH","CARD_TRANSACTION","","LIDL PAY","","","","-15.910000","","","EUR","","","","TR Card Transaction","f7abe2fb-b13b-46d7-8ba7-011ca6f3df41","","","","5411"
"2025-03-04T14:24:59.568667Z","2025-03-04","DEFAULT","CASH","CARD_TRANSACTION","","LA FRESCA SM","","","","-48.000000","","","EUR","","","","TR Card Transaction","a183c9e6-4006-4222-a4a1-b7097248e487","","","","5813"
"2025-03-04T14:29:03.674179Z","2025-03-04","DEFAULT","CASH","CARD_TRANSACTION","","ES MEROIL TORREDEMBARRA","","","","-52.310000","","","EUR","","","","TR Card Transaction","ffac7678-d0ea-44ba-858a-db5d6ec72b35","","","","5542"
"2025-03-04T14:31:50.153783Z","2025-03-04","DEFAULT","CASH","CARD_TRANSACTION","","PRIMAPRIX BARCELONA II","","","","-3.550000","","","EUR","","","","TR Card Transaction","5156ba95-3b14-4ded-b688-219a195ee5e3","","","","5411"
"2025-03-06T07:14:13.992603Z","2025-03-06","DEFAULT","CASH","CARD_TRANSACTION","","CASA MARCELINO","","","","-8.100000","","","EUR","","","","TR Card Transaction","9ccc419a-c90e-47af-99e4-a101e0e730c3","","","","5812"
"2025-03-07T17:16:42.789763Z","2025-03-07","DEFAULT","CASH","INTEREST_PAYMENT","BOND","März 2028","XS2434895558","","","21.800000","","","EUR","","","","Interest Payment for ISIN XS2434895558","a79e6bb1-0026-449d-8913-39bed7991136","","","",""
"2025-03-07T07:11:06.219204Z","2025-03-07","DEFAULT","CASH","CARD_TRANSACTION","","Netflix.com","","","","-6.990000","","","EUR","","","","TR Card Transaction","6554f8e5-ecdb-422d-8f99-ffcfe9a07e77","","","","4899"
"2025-03-07T13:15:08.358385Z","2025-03-07","DEFAULT","CASH","CARD_TRANSACTION","","FARMACIA RAQUEL MORENO MU","","","","-4.240000","","","EUR","","","","TR Card Transaction","86483836-db53-4ea2-a924-c5de67118f07","","","","5912"
"2025-03-07T13:23:44.040602Z","2025-03-07","DEFAULT","CASH","CARD_TRANSACTION","","LIDL PAY","","","","-2.250000","","","EUR","","","","TR Card Transaction","59f97d15-0266-4442-a8d7-f8c755d81e2c","","","","5411"
"2025-03-08T14:15:27.739857Z","2025-03-08","DEFAULT","CASH","CARD_TRANSACTION","","LIDL PAY","","","","-0.490000","","","EUR","","","","TR Card Transaction","cfbcac00-6407-41d5-a5a2-0dccefa37086","","","","5411"
"2025-03-08T14:21:40.686602Z","2025-03-08","DEFAULT","CASH","CARD_TRANSACTION","","VUELING AIRLINES","","","","-80.980000","","","EUR","","","","TR Card Transaction","e2dfdb96-f2d9-48be-83a4-21161ef3f182","","","","4511"
"2025-03-08T12:42:31.673571Z","2025-03-08","DEFAULT","CASH","CARD_TRANSACTION","","SUMUP  *GILITO__","","","","-25.300000","","","EUR","","","","TR Card Transaction","bdb59f0a-ec61-4894-a8f9-55267c6d7a9d","","","","5813"
"2025-03-08T14:24:21.473784Z","2025-03-08","DEFAULT","CASH","CARD_TRANSACTION","","CARREF HOSPITALET","","","","-171.470000","","","EUR","","","","TR Card Transaction","2413eb99-c65a-488a-93aa-ea9baca27fe1","","","","5411"
"2025-03-08T14:15:37.613527Z","2025-03-08","DEFAULT","CASH","CARD_TRANSACTION","","eDreams","","","","-142.350000","","","EUR","","","","TR Card Transaction","008c421c-3d81-42a1-96fc-1435e48a5f01","","","","4722"
"2025-03-09T14:33:31.927943Z","2025-03-09","DEFAULT","CASH","CARD_TRANSACTION","","","","","","10.000000","","","EUR","","","","TR Card Transaction","50153987-b956-4c0e-9073-8e779a75ddf6","","","",""
"2025-03-09T14:08:31.456925Z","2025-03-09","DEFAULT","CASH","CARD_TRANSACTION","","MERCADONA PRAT DE LA RIBA","","","","-27.620000","","","EUR","","","","TR Card Transaction","33a5424e-f0d6-48df-bde3-58ccb44894cd","","","","5411"
"2025-03-09T09:31:43.207900Z","2025-03-09","DEFAULT","CASH","CARD_TRANSACTION","","CAN XEC","","","","-60.000000","","","EUR","","","","TR Card Transaction","b816fd74-9f8e-4d06-bccb-114351214720","","","","5812"
"2025-03-09T07:17:43.785911Z","2025-03-09","DEFAULT","CASH","CARD_TRANSACTION","","Can Xec","","","","-2.000000","","","EUR","","","","TR Card Transaction","515b4a59-aa0c-4360-8a96-f913715f0e77","","","","5813"
"2025-03-10T10:58:06.288Z","2025-03-10","DEFAULT","TRADING","BUY","FUND","Physical Swiss Gold USD ","JE00B588CD74","0.0419690000","256.140000","-10.75","","","EUR","","","","Savings plan execution JE00B588CD74 WisdomTree Physical Swiss Gold, quantity: 0.041969","c41d425a-6680-46a2-b296-2aff3a76bcc4","","","",""
"2025-03-11T13:15:23.401802Z","2025-03-11","DEFAULT","CASH","CARD_TRANSACTION","","AMICUM, S.L","","","","-10.000000","","","EUR","","","","TR Card Transaction","e76d2a4c-557f-48dd-b45e-f51e11d14dd6","","","","5722"
"2025-03-11T08:58:11.184657Z","2025-03-11","DEFAULT","CASH","CARD_TRANSACTION","","AMZN Mktp ES*RB7HB9VI4","","","","-17.990000","","","EUR","","","","TR Card Transaction","f89def96-856d-4f4f-a955-f7dee5cf32dc","","","","5999"
"2025-03-11T14:25:56.101428Z","2025-03-11","DEFAULT","CASH","CARD_TRANSACTION_INTERNATIONAL","","IMOOVA* ORD031994","","","","-150.000000","","","EUR","","","","TR Card Transaction","6629372f-9d69-4d4d-9988-f4c3214491e0","","","","7512"
"2025-03-12T13:03:18.406443Z","2025-03-12","DEFAULT","CASH","CARD_TRANSACTION","","LIDL PAY","","","","-59.800000","","","EUR","","","","TR Card Transaction","7b38a85f-3d4e-46d9-b100-00fbf74e448a","","","","5411"
"2025-03-12T09:05:18.703142Z","2025-03-12","DEFAULT","CASH","CARD_TRANSACTION","","Amazon.es*RB4PI6644","","","","-5.980000","","","EUR","","","","TR Card Transaction","4743ef63-2565-43e8-b903-14498ed92278","","","","5399"
"2025-03-16T08:42:45.040006Z","2025-03-16","DEFAULT","CASH","CARD_TRANSACTION","","JARDI GAVA S A","","","","-45.440000","","","EUR","","","","TR Card Transaction","954f5653-7055-45af-aed2-63647b10be92","","","","5261"
"2025-03-17T10:58:30.488Z","2025-03-17","DEFAULT","TRADING","BUY","FUND","Physical Swiss Gold USD ","JE00B588CD74","0.0079320000","263.480000","-2.09","","","EUR","","","","Savings plan execution JE00B588CD74 WisdomTree Physical Swiss Gold, quantity: 0.007932","5cf662bf-cecc-4f01-b948-091f1988a6f6","","","",""
"2025-03-17T11:46:46.738255Z","2025-03-17","DEFAULT","CASH","CARD_TRANSACTION","","SUCAPA SCP","","","","-187.700000","","","EUR","","","","TR Card Transaction","aeb4b4dd-9420-43af-9b72-2c44112642a3","","","","5812"
"2025-03-19T13:15:18.163688Z","2025-03-19","DEFAULT","CASH","CARD_TRANSACTION","","LIDL PAY","","","","-39.580000","","","EUR","","","","TR Card Transaction","46786ea2-2a83-4171-af9c-6894a32f758e","","","","5411"
"2025-03-20T07:16:35.633483Z","2025-03-20","DEFAULT","CASH","CARD_TRANSACTION","","CASA MARCELINO","","","","-9.900000","","","EUR","","","","TR Card Transaction","95a3f988-4197-4003-8324-0e090abace2e","","","","5812"
"2025-03-22T13:34:24.719194Z","2025-03-22","DEFAULT","CASH","CARD_TRANSACTION","","LIDL PAY","","","","-51.990000","","","EUR","","","","TR Card Transaction","8e96e0a0-b3a3-41bd-9fed-36cf2510c429","","","","5411"
"2025-03-23T14:01:12.755481Z","2025-03-23","DEFAULT","CASH","CARD_TRANSACTION","","PANADERIA SANT JOSEP","","","","-13.000000","","","EUR","","","","TR Card Transaction","7f005811-dd34-4318-8def-168d6b4fbcf3","","","","5813"
"2025-03-23T09:36:56.332120Z","2025-03-23","DEFAULT","CASH","CARD_TRANSACTION","","FARMACIA RAQUEL MORENO MU","","","","-12.460000","","","EUR","","","","TR Card Transaction","859afd76-d3ae-4456-99e0-6e9bb8e5da20","","","","5912"
"2025-03-23T14:17:26.030312Z","2025-03-23","DEFAULT","CASH","CARD_TRANSACTION","","MERCADONA PRAT DE LA RIBA","","","","-11.440000","","","EUR","","","","TR Card Transaction","8e9de636-d021-44c9-ac33-275510d28aa1","","","","5411"
"2025-03-24T09:13:39.065251Z","2025-03-24","DEFAULT","CASH","CARD_TRANSACTION","","UBER   *EATS","","","","-107.450000","","","EUR","","","","TR Card Transaction","d8c593e0-5b97-467a-8dd8-06fadc9966cb","","","","5812"
"2025-03-24T10:57:55.605Z","2025-03-24","DEFAULT","TRADING","BUY","FUND","Physical Swiss Gold USD ","JE00B588CD74","0.0118860000","267.540000","-3.18","","","EUR","","","","Savings plan execution JE00B588CD74 WisdomTree Physical Swiss Gold, quantity: 0.011886","b57d8280-7470-4d08-b826-fdbf233ad1c6","","","",""
"2025-03-25T07:28:45.832515Z","2025-03-25","DEFAULT","CASH","CARD_TRANSACTION","","FARMACIA DASCA","","","","-2.000000","","","EUR","","","","TR Card Transaction","dead0cf3-9055-4658-b86c-c3667fa998b5","","","","5912"
"2025-03-26T16:23:31.317122Z","2025-03-26","DEFAULT","CASH","CUSTOMER_INBOUND","","JAVIER RODRIGUEZ SERRANO","","","","1800.000000","","","EUR","","","","Transferencia desde MyInvestor","9880ef93-9ecf-4a2e-8c3b-e34341bcf779","JAVIER RODRIGUEZ SERRANO","ES0615447889716651124504","",""
"2025-03-27T10:12:31.395Z","2025-03-27","DEFAULT","TRADING","BUY","STOCK","Berkshire Hathaway (B)","US0846707026","0.0084350000","497.850000","-4.20","","","EUR","","","","Buy trade US0846707026 BERKSHIRE HATHAWAY, quantity: 0.008435","b429bff2-4a57-450a-b4ac-85045ecc7951","","","",""
"2025-03-27T10:12:31.402Z","2025-03-27","DEFAULT","TRADING","BUY","STOCK","Berkshire Hathaway (B)","US0846707026","2.0000000000","497.850000","-995.70","-1.00","","EUR","","","","Buy trade US0846707026 BERKSHIRE HATHAWAY, quantity: 2.0","14960e9e-9f46-4cd3-aff1-f3bbca42c076","","","",""
"2025-03-27T10:53:51.334355Z","2025-03-27","DEFAULT","CASH","CARD_TRANSACTION","","LESTACIO ESPAI GASTRO","","","","-6.000000","","","EUR","","","","TR Card Transaction","898bc713-31cc-4a25-b12a-400a45729ced","","","","5812"
"2025-03-27T10:55:14.285761Z","2025-03-27","DEFAULT","CASH","CARD_TRANSACTION","","LESTACIO ESPAI GASTRO","","","","-12.500000","","","EUR","","","","TR Card Transaction","9cd2e909-f2a8-453b-a907-c0b5eba127eb","","","","5812"
"2025-03-27T09:16:20.864923Z","2025-03-27","DEFAULT","CASH","CARD_TRANSACTION","","BKG*HOTEL AT BOOKING.C","","","","-151.800000","","","EUR","","","","TR Card Transaction","06ab2698-05d8-4981-9386-0c931c004f86","","","","4722"
"2025-03-28T10:44:23.468639Z","2025-03-28","DEFAULT","CASH","CARD_TRANSACTION","","LIDL PAY","","","","-41.690000","","","EUR","","","","TR Card Transaction","144bf1e1-299e-40bb-97a7-b4cbf285bc3b","","","","5411"
"2025-03-29T11:45:13.411641Z","2025-03-29","DEFAULT","CASH","CARD_TRANSACTION","","PANADERIA SANT JOSEP","","","","-3.450000","","","EUR","","","","TR Card Transaction","fbf240cc-9f3b-421b-9ac0-bdc7f4e2aa08","","","","5813"
"2025-03-31T08:55:44.082920Z","2025-03-31","DEFAULT","CASH","CARD_TRANSACTION","","ES RACO DE NA MARTA","","","","-4.000000","","","EUR","","","","TR Card Transaction","c45859c2-c04e-465a-864d-9e2d9f9326c9","","","","5812"
"2025-03-31T08:53:19.413733Z","2025-03-31","DEFAULT","CASH","CARD_TRANSACTION","","GAS OILS ROVIRA - RENTADO","","","","-1.000000","","","EUR","","","","TR Card Transaction","61e4f085-e6b5-44df-8f8f-786cca94eeea","","","","5542"
"2025-03-31T08:54:41.990521Z","2025-03-31","DEFAULT","CASH","CARD_TRANSACTION","","ES RACO DE NA MARTA","","","","-54.000000","","","EUR","","","","TR Card Transaction","5d457a28-dabe-4ca0-9101-8e2df8411345","","","","5812"
"2025-03-31T09:01:38.109275Z","2025-03-31","DEFAULT","CASH","CARD_TRANSACTION","","ESCLATOIL 4082T TOSSA DE","","","","-40.020000","","","EUR","","","","TR Card Transaction","2439bf1a-976d-424e-923d-d138d1b21044","","","","5542"
"2025-03-31T08:52:49.714360Z","2025-03-31","DEFAULT","CASH","CARD_TRANSACTION","","GAS OILS ROVIRA - RENTADO","","","","-1.000000","","","EUR","","","","TR Card Transaction","32e25aa3-4114-4fec-933b-67458ec599d6","","","","5542"
"2025-04-01T10:50:54.852992Z","2025-04-01","DEFAULT","CASH","INTEREST_PAYMENT","","","","","","31.070000","","","EUR","","","","Interest payment Booking","b2911ab2-74cc-46b7-af6c-a4e6864beea7","","","",""
"2025-04-01T10:28:54.334695Z","2025-04-01","DEFAULT","CASH","CARD_TRANSACTION","","WAYNABOX","","","","-405.000000","","","EUR","","","","TR Card Transaction","c2417d6c-3055-497c-b5f3-6f63f05dcc44","","","","4722"
"2025-04-02T09:12:56.637Z","2025-04-02","DEFAULT","TRADING","BUY","CRYPTO","Bitcoin","BTC","0.0006140000","81328.210000","-49.94","","","EUR","","","","Savings plan execution XF000BTC0017 Bitcoin, quantity: 0.000614","950326d7-df96-46fc-aedc-791be9f00591","","","",""
"2025-04-02T09:58:33.065Z","2025-04-02","DEFAULT","TRADING","BUY","FUND","Physical Swiss Gold USD ","JE00B588CD74","0.0419990000","277.620000","-11.66","","","EUR","","","","Savings plan execution JE00B588CD74 WisdomTree Physical Swiss Gold, quantity: 0.041999","44ef2212-1e16-4b28-bbd5-bd4a2527cf87","","","",""
"2025-04-02T11:30:15.026Z","2025-04-02","DEFAULT","TRADING","BUY","CRYPTO","Bitcoin","BTC","0.0001850000","80808.110000","-14.95","","","EUR","","","","Savings plan execution XF000BTC0017 Bitcoin, quantity: 0.000185","47a63bbd-99fa-4238-b123-c93ba438ee89","","","",""
"2025-04-02T11:35:03.387804Z","2025-04-02","DEFAULT","CASH","BENEFITS_SAVEBACK","CRYPTO","Bitcoin","BTC","","","14.950000","","","EUR","","","","Your Saveback payment","fae98908-d952-4ee7-85a7-891ac1c51a6b","","","",""
"2025-04-02T08:45:46.291137Z","2025-04-02","DEFAULT","CASH","CARD_TRANSACTION","","AMAZON* RN89T80X4","","","","-13.350000","","","EUR","","","","TR Card Transaction","caeb4bd6-2691-4a85-baee-467e57aa8749","","","","5999"
"2025-04-03T10:14:57.116018Z","2025-04-03","DEFAULT","CASH","CARD_TRANSACTION","","LIDL PAY","","","","-29.870000","","","EUR","","","","TR Card Transaction","299dccde-2280-4795-ae95-505d6c4a928f","","","","5411"
"2025-04-03T10:17:14.147604Z","2025-04-03","DEFAULT","CASH","CARD_TRANSACTION","","LIDL PAY","","","","-0.490000","","","EUR","","","","TR Card Transaction","5353998c-d0c7-4573-95c3-a8011df9ac57","","","","5411"
"2025-04-04T10:29:02.385247Z","2025-04-04","DEFAULT","CASH","CARD_TRANSACTION","","LIDL PAY","","","","-0.880000","","","EUR","","","","TR Card Transaction","efc4a217-7b43-467e-8702-f26805d467ae","","","","5411"
"2025-04-04T10:31:26.939006Z","2025-04-04","DEFAULT","CASH","CARD_TRANSACTION","","CATALUNYA DONER KEBAB SAN","","","","-9.000000","","","EUR","","","","TR Card Transaction","3a671d00-d7fb-455e-88be-faed5ee72864","","","","5814"
"2025-04-07T07:18:17.405663Z","2025-04-07","DEFAULT","CASH","CARD_TRANSACTION","","Google Play Apps","","","","-1.990000","","","EUR","","","","TR Card Transaction","de3c320b-41d9-4040-9512-ec8028d526d7","","","","5734"
"2025-04-07T14:58:48.316700Z","2025-04-07","DEFAULT","CASH","INTEREST_PAYMENT","BOND","Apr. 2027","XS2695009998","","","70.300000","","","EUR","","","","Interest Payment for ISIN XS2695009998","4fe51392-d3d5-4b47-be4f-87bab2ccfd0e","","","",""
"2025-04-07T15:55:46.542273Z","2025-04-07","DEFAULT","CASH","CUSTOMER_INBOUND","","JAVIER RODRIGUEZ SERRANO","","","","3000.000000","","","EUR","","","","Transferencia desde MyInvestor","00e171cb-8061-42c7-82b5-27e53c111ee9","JAVIER RODRIGUEZ SERRANO","ES0615447889716651124504","",""
"2025-04-07T09:28:29.218796Z","2025-04-07","DEFAULT","CASH","CARD_TRANSACTION","","NETFLIX.COM","","","","-6.990000","","","EUR","","","","TR Card Transaction","af09ee20-fd66-4859-a538-59b633f4883e","","","","4899"
"2025-04-07T16:25:49.553Z","2025-04-07","DEFAULT","TRADING","BUY","FUND","S&P 500","IE000Z9SJA06","114.0000000000","8.778400","-1000.74","-1.00","","EUR","","","","Buy trade IE000Z9SJA06 Xtrackers (IE) Plc - Xtrackers S&P 500 UCITS ETF 4C 4C, quantity: 114","c8baa430-4626-44b3-9065-3430a1cf861e","","","",""
"2025-04-07T16:25:49.557Z","2025-04-07","DEFAULT","TRADING","BUY","FUND","S&P 500","IE000Z9SJA06","0.0198850000","8.778400","-0.17","","","EUR","","","","Buy trade IE000Z9SJA06 Xtrackers (IE) Plc - Xtrackers S&P 500 UCITS ETF 4C 4C, quantity: 0.019885","6b6b4931-c826-4e90-9661-751a8aea0ed2","","","",""
"2025-04-07T16:28:42.345Z","2025-04-07","DEFAULT","TRADING","BUY","BOND","Okt. 2054","ES0000012M93","4.4900000000","0.978000","-4.47","","","EUR","","","","Buy trade ES0000012M93 SPANIEN 24/54, quantity: 4.49","527ea79d-0878-469c-91cb-aae92d4af5d6","","","",""
"2025-04-07T16:28:42.352Z","2025-04-07","DEFAULT","TRADING","BUY","BOND","Okt. 2054","ES0000012M93","1000.0000000000","0.978000","-995.53","-1.00","","EUR","","","","Buy trade ES0000012M93 SPANIEN 24/54, quantity: 1000","c6360e55-8e30-48fa-b2f7-46945e279fc0","","","",""
"2025-04-08T09:54:47.529014Z","2025-04-08","DEFAULT","CASH","CARD_TRANSACTION","","CHEVERNY VOYAGES","","","","-64.000000","","","EUR","","","","TR Card Transaction","9c67ac80-40c4-4ddc-92f2-df0ae930f707","","","","4722"
"2025-04-08T10:27:34.861385Z","2025-04-08","DEFAULT","CASH","CARD_TRANSACTION","","CAPRABO 415 LA FARGA","","","","-18.640000","","","EUR","","","","TR Card Transaction","34b35ef0-0af0-4f01-82ea-146afd5f142c","","","","5411"
"2025-04-08T10:29:55.323505Z","2025-04-08","DEFAULT","CASH","CARD_TRANSACTION","","LIDL PAY","","","","-47.640000","","","EUR","","","","TR Card Transaction","802d9632-fcd0-48ed-9c44-d0fd52a54414","","","","5411"
"2025-04-09T09:57:47.550Z","2025-04-09","DEFAULT","TRADING","BUY","FUND","Physical Swiss Gold USD ","JE00B588CD74","0.0170320000","264.200000","-4.50","","","EUR","","","","Savings plan execution JE00B588CD74 WisdomTree Physical Swiss Gold, quantity: 0.017032","6dd9e599-ecd9-4bfe-9833-5b07e896135e","","","",""
"2025-04-09T10:31:54.224161Z","2025-04-09","DEFAULT","CASH","CARD_TRANSACTION","","AYAFUEL","","","","-15.000000","","","EUR","","","","TR Card Transaction","bb0d0dd5-d8a4-4cab-ba11-35b500f082c7","","","","5541"
"2025-04-09T10:35:08.167579Z","2025-04-09","DEFAULT","CASH","CARD_TRANSACTION","","","","","","1.110000","","","EUR","","","","TR Card Transaction","da2bc95d-2731-4f24-ae7a-f7c4e66edbcf","","","",""
"2025-04-11T10:32:57.154977Z","2025-04-11","DEFAULT","CASH","CARD_TRANSACTION","","CAPRABO 415 LA FARGA","","","","-2.190000","","","EUR","","","","TR Card Transaction","29f78f5e-7d7e-4e70-9aa2-3e094af387c7","","","","5411"
"2025-04-12T10:31:51.962604Z","2025-04-12","DEFAULT","CASH","CARD_TRANSACTION","","FARMACIA RAQUEL MORENO MU","","","","-1.000000","","","EUR","","","","TR Card Transaction","7dd2949a-8b64-4c61-81d6-0631dce7f30d","","","","5912"
"2025-04-13T06:52:39.977045Z","2025-04-13","DEFAULT","CASH","CARD_TRANSACTION","","INDIE CAMPERS FRANCE","","","","-2000.000000","","","EUR","","","","TR Card Transaction","f970fb88-898d-4350-b020-6c212f162b19","","","","7512"
"2025-04-13T06:48:47.272555Z","2025-04-13","DEFAULT","CASH","CARD_TRANSACTION","","BOLT.EU/O/2504120725","","","","-47.700000","","","EUR","","","","TR Card Transaction","e610a905-0fd4-48a8-bd1c-93062506a46d","","","","4121"
"2025-04-13T08:00:50.479956Z","2025-04-13","DEFAULT","CASH","CARD_TRANSACTION","","BARCELONA AEROP TIENDA T1","","","","-9.950000","","","EUR","","","","TR Card Transaction","d1c0a651-e0a9-4b2f-a604-78e5b9abd66b","","","","5813"
"2025-04-13T06:52:39.925320Z","2025-04-13","DEFAULT","CASH","CARD_TRANSACTION","","INDIE CAMPERS FRANCE","","","","-76.490000","","","EUR","","","","TR Card Transaction","29bec0bf-810c-4a68-9a49-c6a8dda32229","","","","7512"
"2025-04-13T08:39:02.347681Z","2025-04-13","DEFAULT","CASH","CARD_TRANSACTION","","INTER LUDINEL   9502845","","","","-35.460000","","","EUR","","","","TR Card Transaction","4dfbd980-769e-46f4-a699-74b4cd06382d","","","","5411"
"2025-04-14T09:14:53.651591Z","2025-04-14","DEFAULT","CASH","CARD_TRANSACTION","","CH VILLANDRY","","","","-17.000000","","","EUR","","","","TR Card Transaction","bba82208-1255-4468-ab0b-177870f88f6a","","","","7991"
"2025-04-14T08:24:18.279787Z","2025-04-14","DEFAULT","CASH","CARD_TRANSACTION","","CAREFOUR EXPRESS2943142","","","","-5.280000","","","EUR","","","","TR Card Transaction","1c376a04-b52c-4228-8f66-8f5f2508938d","","","","5411"
"2025-04-14T09:46:48.801093Z","2025-04-14","DEFAULT","CASH","CARD_TRANSACTION","","MAXICOFFEE OUEST","","","","-3.100000","","","EUR","","","","TR Card Transaction","84615e0d-1618-4b1e-be65-36f5253ce6d2","","","","5499"
"2025-04-14T09:53:32.701046Z","2025-04-14","DEFAULT","CASH","CARD_TRANSACTION","","CHENONCEAU CREP","","","","-3.900000","","","EUR","","","","TR Card Transaction","ac0449a3-c404-4474-8994-daa34c373837","","","","5812"
"2025-04-15T10:45:32.196866Z","2025-04-15","DEFAULT","CASH","CARD_TRANSACTION","","E.LECLERC","","","","-19.210000","","","EUR","","","","TR Card Transaction","eb9b6807-2ec5-4bb8-841e-b0e6be8943a1","","","","5411"
"2025-04-16T09:45:49.673196Z","2025-04-16","DEFAULT","CASH","CARD_TRANSACTION","","CARREFOUR CITY","","","","-1.760000","","","EUR","","","","TR Card Transaction","d2f2a968-6bcc-4cdd-8ec3-7f1c63256c8a","","","","5331"
"2025-04-16T09:45:49.649112Z","2025-04-16","DEFAULT","CASH","CARD_TRANSACTION","","CARREFOUR EXPRESS","","","","-8.020000","","","EUR","","","","TR Card Transaction","05f699c5-4c12-4f2a-84f9-4c1bae69070a","","","","5331"
"2025-04-16T09:58:24.460Z","2025-04-16","DEFAULT","TRADING","BUY","FUND","Physical Swiss Gold USD ","JE00B588CD74","0.0374590000","278.700000","-10.44","","","EUR","","","","Savings plan execution JE00B588CD74 WisdomTree Physical Swiss Gold, quantity: 0.037459","d1648786-1929-40cf-8be7-719371cbb9c1","","","",""
"2025-04-16T10:55:46.793744Z","2025-04-16","DEFAULT","CASH","CARD_TRANSACTION","","BERGAMA","","","","-14.000000","","","EUR","","","","TR Card Transaction","5544742f-e7eb-40ae-8b42-f1cbbd2cb4cd","","","","5812"
"2025-04-17T09:46:31.163090Z","2025-04-17","DEFAULT","CASH","CARD_TRANSACTION","","RLA AUTOMATE SC 2350659","","","","-5.400000","","","EUR","","","","TR Card Transaction","b3d36d40-b680-487b-a6db-c6ced1876859","","","","4111"
"2025-04-17T07:36:42.874449Z","2025-04-17","DEFAULT","CASH","CARD_TRANSACTION","","BOLT.EU/O/2504161312","","","","-9.800000","","","EUR","","","","TR Card Transaction","9727f6ff-822c-4565-962d-57b2081e3fbc","","","","4121"
"2025-04-17T09:45:30.833004Z","2025-04-17","DEFAULT","CASH","CARD_TRANSACTION","","MPP FLOWBIRD    2683705","","","","-2.220000","","","EUR","","","","TR Card Transaction","3bd750d6-5938-4652-b012-638bec73d591","","","","9405"
"2025-04-18T10:05:36.387482Z","2025-04-18","DEFAULT","CASH","CARD_TRANSACTION","","AIX REGIE STAT  2336591","","","","-0.500000","","","EUR","","","","TR Card Transaction","9e6be76e-151b-4a92-9f7e-164044388972","","","","9405"
"2025-04-18T06:50:49.814586Z","2025-04-18","DEFAULT","CASH","CARD_TRANSACTION","","MC DONALDS MAA","","","","-17.800000","","","EUR","","","","TR Card Transaction","1dd90d8b-d196-4236-9cad-416090350cc6","","","","5814"
"2025-04-18T06:12:09.644373Z","2025-04-18","DEFAULT","CASH","CARD_TRANSACTION","","Panaderia Degust. Verges","","","","-6.100000","","","EUR","","","","TR Card Transaction","1f170438-d9b2-4091-bd07-da5425f05799","","","","5813"
"2025-04-18T11:36:14.177585Z","2025-04-18","DEFAULT","CASH","CARD_TRANSACTION","","HIPERMERCAT ESCLAT H82T","","","","-71.840000","","","EUR","","","","TR Card Transaction","2399ef68-baad-419e-9ce2-25412494c372","","","","5411"
"2025-04-19T06:47:10.440427Z","2025-04-19","DEFAULT","CASH","CARD_TRANSACTION","","MEDIACASA","","","","-1.750000","","","EUR","","","","TR Card Transaction","de680c98-bb8e-494f-ba36-a6e5db6cb208","","","","5651"
"2025-04-19T06:44:16.010615Z","2025-04-19","DEFAULT","CASH","CARD_TRANSACTION","","ESCLATOIL 4082T TOSSA DE","","","","-3.410000","","","EUR","","","","TR Card Transaction","38d924ef-293a-4890-805b-65074e5e7fac","","","","5542"
"2025-04-21T08:46:55.740897Z","2025-04-21","DEFAULT","CASH","CARD_TRANSACTION","","ESCLATOIL 4082T TOSSA DE","","","","-42.190000","","","EUR","","","","TR Card Transaction","d40ca95a-6a6a-4738-9548-b6f8a1dd4493","","","","5542"
"2025-04-22T08:36:21.484470Z","2025-04-22","DEFAULT","CASH","CARD_TRANSACTION","","CHARTER H.LLOBREGAT ST EU","","","","-5.430000","","","EUR","","","","TR Card Transaction","a30426f7-edfd-4ed8-9c80-1b74f5ca5417","","","","5411"
"2025-04-23T09:58:06.856Z","2025-04-23","DEFAULT","TRADING","BUY","FUND","Physical Swiss Gold USD ","JE00B588CD74","0.0200970000","278.640000","-5.60","","","EUR","","","","Savings plan execution JE00B588CD74 WisdomTree Physical Swiss Gold, quantity: 0.020097","fec14c8a-c27c-4a81-bd6a-375ddee06955","","","",""
"2025-04-23T10:40:59.446061Z","2025-04-23","DEFAULT","CASH","CARD_TRANSACTION","","LIDL PAY","","","","-43.780000","","","EUR","","","","TR Card Transaction","6e4a1610-5f75-4949-8ffa-31d0eba800dd","","","","5411"
"2025-04-24T10:27:48.680202Z","2025-04-24","DEFAULT","CASH","CARD_TRANSACTION","","LIDL PAY","","","","-0.490000","","","EUR","","","","TR Card Transaction","7775b7f9-5921-443e-948f-dd76c007722b","","","","5411"
"2025-04-24T06:13:24.419372Z","2025-04-24","DEFAULT","CASH","CARD_TRANSACTION","","CASA MARCELINO","","","","-10.800000","","","EUR","","","","TR Card Transaction","00b9fe3e-6ed6-49aa-b850-1698b3aac664","","","","5812"
"2025-04-25T07:14:17.989791Z","2025-04-25","DEFAULT","CASH","CARD_TRANSACTION","","Skechers Iberia 645","","","","-44.990000","","","EUR","","","","TR Card Transaction","fd5b9018-a73b-43ff-be2e-d0f4e72d9bbf","","","","5661"
"2025-04-25T10:26:51.875870Z","2025-04-25","DEFAULT","CASH","CARD_TRANSACTION","","MCDONALDS PARAL LEL","","","","-19.060000","","","EUR","","","","TR Card Transaction","90b0c2b1-7d67-42e0-8ae2-4964c814748d","","","","5814"
"2025-04-26T10:55:04.468325Z","2025-04-26","DEFAULT","CASH","CARD_TRANSACTION","","LIDL PAY","","","","-6.370000","","","EUR","","","","TR Card Transaction","7b5ddf37-e942-4e69-9bb9-0671de9e88da","","","","5411"
"2025-04-27T06:53:15.927413Z","2025-04-27","DEFAULT","CASH","CARD_TRANSACTION","","","","","","13.350000","","","EUR","","","","TR Card Transaction","21e916fb-ee6b-47eb-b4ab-a07158c4f349","","","",""
"2025-04-27T07:10:50.025281Z","2025-04-27","DEFAULT","CASH","CARD_TRANSACTION","","LIDL PAY","","","","-16.090000","","","EUR","","","","TR Card Transaction","72a8bdd2-86d4-45d5-8e51-cf5c183cc16b","","","","5411"
"2025-04-27T07:12:21.001159Z","2025-04-27","DEFAULT","CASH","CARD_TRANSACTION","","MULTIMERCADOS","","","","-5.000000","","","EUR","","","","TR Card Transaction","d4c578d8-0ffe-4871-9749-57fb38d7a237","","","","5994"
"2025-04-27T07:14:31.184335Z","2025-04-27","DEFAULT","CASH","CARD_TRANSACTION","","GARILORE","","","","-6.700000","","","EUR","","","","TR Card Transaction","bb2a1f81-ed0f-4d5c-a77f-1f265c5af4d2","","","","5411"
"2025-04-27T09:14:52.433469Z","2025-04-27","DEFAULT","CASH","CARD_TRANSACTION","","CHARTER SANTA EULALIA","","","","-5.740000","","","EUR","","","","TR Card Transaction","6129a563-d6bf-48b2-8602-d94da7fb913b","","","","5411"
"2025-04-27T11:13:03.978730Z","2025-04-27","DEFAULT","CASH","CARD_TRANSACTION","","DOYOUSPAIN.COM","","","","-276.540000","","","EUR","","","","TR Card Transaction","74babd88-05c0-4b9a-baf2-187c399fc34e","","","","7512"
"2025-04-27T09:13:13.020114Z","2025-04-27","DEFAULT","CASH","CARD_TRANSACTION","","CHARTER SANTA EULALIA","","","","-3.650000","","","EUR","","","","TR Card Transaction","5375709c-4176-44bc-bf42-e7a19cea5483","","","","5411"
"2025-05-01T00:11:31.700448Z","2025-05-01","DEFAULT","CASH","INTEREST_PAYMENT","","","","","","25.380000","","","EUR","","","","Interest payment Booking","fc4c5db1-f371-444d-aa43-9672d85b6222","","","",""
"2025-05-01T11:52:55.452272Z","2025-05-01","DEFAULT","CASH","CARD_TRANSACTION_INTERNATIONAL","","","","","","100.000000","","","EUR","","","","TR Card Transaction","57046bd4-6743-4923-b04c-38a19d4ed385","","","",""
"2025-05-01T11:25:51.861148Z","2025-05-01","DEFAULT","CASH","CARD_TRANSACTION","","LIDL PAY","","","","-3.140000","","","EUR","","","","TR Card Transaction","09bbd755-6064-4aad-b3ed-a552887fb4f6","","","","5411"
"2025-05-01T11:26:05.268974Z","2025-05-01","DEFAULT","CASH","CARD_TRANSACTION","","DRUNI C.C. LA FARGA","","","","-2.990000","","","EUR","","","","TR Card Transaction","4118debc-50fa-477f-861c-fec6953309fb","","","","5977"
"2025-05-02T06:26:17.525664Z","2025-05-02","DEFAULT","CASH","CARD_TRANSACTION","","BARCELONA AEROP TIENDA T1","","","","-5.570000","","","EUR","","","","TR Card Transaction","e434b62c-1002-436e-b627-4bf7117d557b","","","","5813"
"2025-05-02T06:40:24.864Z","2025-05-02","DEFAULT","TRADING","BUY","CRYPTO","Bitcoin","BTC","0.0005670000","88144.540000","-49.98","","","EUR","","","","Savings plan execution XF000BTC0017 Bitcoin, quantity: 0.000567","69a1159e-55ff-4369-9036-2756c4ed4b59","","","",""
"2025-05-02T06:40:42.424Z","2025-05-02","DEFAULT","TRADING","BUY","CRYPTO","Bitcoin","BTC","0.0001700000","88036.910000","-14.97","","","EUR","","","","Savings plan execution XF000BTC0017 Bitcoin, quantity: 0.000170","0f44892d-e7fa-4860-9201-481c984b65c0","","","",""
"2025-05-02T06:57:36.397819Z","2025-05-02","DEFAULT","CASH","BENEFITS_SAVEBACK","CRYPTO","Bitcoin","BTC","","","14.970000","","","EUR","","","","Your Saveback payment","67931a00-0ae5-463d-a264-62d8babb5faf","","","",""
"2025-05-02T07:33:17.362898Z","2025-05-02","DEFAULT","CASH","CARD_TRANSACTION","","VELOV INTERNET  4788324","","","","-4.000000","","","EUR","","","","TR Card Transaction","ecb73096-7517-4adb-8a5f-f0609e9bcb00","","","","7311"
"2025-05-02T09:02:22.465134Z","2025-05-02","DEFAULT","CASH","CARD_TRANSACTION","","LE LAURENCIN","","","","-45.400000","","","EUR","","","","TR Card Transaction","332b85d5-097f-4a54-8fdf-d4bf6e9808d9","","","","5812"
"2025-05-02T09:29:19.204135Z","2025-05-02","DEFAULT","CASH","CARD_TRANSACTION","","BASILIC AND CO","","","","-29.800000","","","EUR","","","","TR Card Transaction","8a149b39-490c-4a93-b1ff-3cb5896da69a","","","","5814"
"2025-05-02T09:58:47.797Z","2025-05-02","DEFAULT","TRADING","BUY","FUND","Physical Swiss Gold USD ","JE00B588CD74","0.0411910000","275.540000","-11.35","","","EUR","","","","Savings plan execution JE00B588CD74 WisdomTree Physical Swiss Gold, quantity: 0.041191","2893744e-55bd-4b18-94a0-99a2362003e6","","","",""
"2025-05-03T12:02:06.203568Z","2025-05-03","DEFAULT","CASH","CARD_TRANSACTION","","FOURNIL OPERA","","","","-7.300000","","","EUR","","","","TR Card Transaction","dc938b9e-f5a7-44fa-9c8b-564d0a0df8d7","","","","5462"
"2025-05-03T12:02:06.722465Z","2025-05-03","DEFAULT","CASH","CARD_TRANSACTION","","TOUTPRES MARKET","","","","-1.770000","","","EUR","","","","TR Card Transaction","d2f7b726-e528-4cfa-9569-83d524ee2c63","","","","5411"
"2025-05-03T08:34:46.094316Z","2025-05-03","DEFAULT","CASH","CARD_TRANSACTION","","VELOV INTERNET  4788324","","","","-4.000000","","","EUR","","","","TR Card Transaction","e352ccd3-a267-4d8c-83e2-3772c83dbb33","","","","7311"
"2025-05-03T09:16:49.296124Z","2025-05-03","DEFAULT","CASH","CARD_TRANSACTION","","U EXPRESS       9233193","","","","-11.960000","","","EUR","","","","TR Card Transaction","89f5e8c3-ad7f-418d-935d-0fc2f5d9152e","","","","5411"
"2025-05-03T07:13:46.523228Z","2025-05-03","DEFAULT","CASH","CARD_TRANSACTION","","AIRBNB * HMFMMQAKDF","","","","-1159.120000","","","EUR","","","","TR Card Transaction","259dcadc-3860-41f8-98af-4db7aa8f351c","","","","4722"
"2025-05-03T07:49:59.970112Z","2025-05-03","DEFAULT","CASH","CARD_TRANSACTION","","RHONEXPRESS","","","","-59.600000","","","EUR","","","","TR Card Transaction","2baa607b-8ef4-4c4a-859d-f0c04a2101a4","","","","7523"
"2025-05-03T07:24:22.311707Z","2025-05-03","DEFAULT","CASH","CARD_TRANSACTION","","CAMPANILE       2404706","","","","-6.600000","","","EUR","","","","TR Card Transaction","7bb3850e-51d0-4e92-b891-49ebeeb6447e","","","","7011"
"2025-05-03T08:49:50.357435Z","2025-05-03","DEFAULT","CASH","CARD_TRANSACTION","","PretAManger     4335123","","","","-0.800000","","","EUR","","","","TR Card Transaction","8842256d-6aa2-4f2b-9e6e-c751fc9daca3","","","","5814"
"2025-05-03T08:22:11.143810Z","2025-05-03","DEFAULT","CASH","CARD_TRANSACTION","","BOUILLET","","","","-3.200000","","","EUR","","","","TR Card Transaction","0f5f65da-7e5e-455c-a9b5-05f095e49ae2","","","","5462"
"2025-05-03T11:06:12.632594Z","2025-05-03","DEFAULT","CASH","CARD_TRANSACTION","","NATALY'S","","","","-8.000000","","","EUR","","","","TR Card Transaction","59164733-7176-4a0b-a6f9-6d4cb7d34124","","","","5814"
"2025-05-04T11:21:26.251801Z","2025-05-04","DEFAULT","CASH","CARD_TRANSACTION","","BON AREA","","","","-2.090000","","","EUR","","","","TR Card Transaction","cbdd5468-7d3c-4ae3-9128-54f7208c2ceb","","","","5411"
"2025-05-04T10:27:20.675085Z","2025-05-04","DEFAULT","CASH","CARD_TRANSACTION","","MONOPRIX        4654333","","","","-11.910000","","","EUR","","","","TR Card Transaction","c997381b-75e3-4ee7-98eb-c2a15c7b7d5d","","","","5331"
"2025-05-04T07:59:00.523904Z","2025-05-04","DEFAULT","CASH","CARD_TRANSACTION","","PRALUS","","","","-7.400000","","","EUR","","","","TR Card Transaction","1eff8d12-4b54-4213-a54f-7d13ff5230e3","","","","5462"
"2025-05-04T07:59:05.291336Z","2025-05-04","DEFAULT","CASH","CARD_TRANSACTION","","CBM","","","","-5.600000","","","EUR","","","","TR Card Transaction","29e0e106-2ead-4adc-8706-8e72d02a4fe8","","","","5462"
"2025-05-04T11:26:34.877475Z","2025-05-04","DEFAULT","CASH","CARD_TRANSACTION","","LIDL PAY","","","","-0.450000","","","EUR","","","","TR Card Transaction","7c57f661-edf7-415f-a01b-3ce2c0b0384d","","","","5411"
"2025-05-04T08:06:43.912732Z","2025-05-04","DEFAULT","CASH","CARD_TRANSACTION","","BOUILLET","","","","-3.200000","","","EUR","","","","TR Card Transaction","86f427be-33a1-4447-8fcf-f0c342e28d32","","","","5462"
"2025-05-04T08:49:14.446639Z","2025-05-04","DEFAULT","CASH","CARD_TRANSACTION","","LE PETIT GLOUTON","","","","-25.400000","","","EUR","","","","TR Card Transaction","04795ea5-d73f-408d-8239-7ce18a9270a3","","","","7399"
"2025-05-05T08:13:34.289142Z","2025-05-05","DEFAULT","CASH","CARD_TRANSACTION","","SPL RU","","","","-7.600000","","","EUR","","","","TR Card Transaction","8418f9f0-d23c-46a6-b644-c11b587630c7","","","","7523"
"2025-05-05T07:37:18.629030Z","2025-05-05","DEFAULT","CASH","CARD_TRANSACTION","","VELOV INTERNET  4788324","","","","-1.000000","","","EUR","","","","TR Card Transaction","78691b55-da47-4721-bc30-60f8ba6309b2","","","","7311"
"2025-05-05T08:10:43.021750Z","2025-05-05","DEFAULT","CASH","CARD_TRANSACTION","","CAF026952 CONF2 LYS","","","","-5.100000","","","EUR","","","","TR Card Transaction","32536f03-8575-4049-ad17-b2e35b246a95","","","","5812"
"2025-05-05T08:06:57.619221Z","2025-05-05","DEFAULT","CASH","CARD_TRANSACTION","","L'IMPREVU","","","","-24.800000","","","EUR","","","","TR Card Transaction","02064322-09cc-495c-810a-84a8706e6bf8","","","","5812"
"2025-05-06T10:38:37.172600Z","2025-05-06","DEFAULT","CASH","CARD_TRANSACTION","","LIDL PAY","","","","-0.490000","","","EUR","","","","TR Card Transaction","634cfb85-ca10-45bd-aa10-aaff8ebf7bf6","","","","5411"
"2025-05-06T07:56:25.586511Z","2025-05-06","DEFAULT","CASH","CARD_TRANSACTION","","TGTG hpq4bcej1qz10","","","","-2.990000","","","EUR","","","","TR Card Transaction","ae10f6b0-d252-4787-945a-c00f6e7721f3","","","","5812"
"2025-05-07T10:32:06.531952Z","2025-05-07","DEFAULT","CASH","CARD_TRANSACTION","","LIDL PAY","","","","-4.700000","","","EUR","","","","TR Card Transaction","ca09e93c-a0b7-4c76-9f7f-61b46472cc1e","","","","5411"
"2025-05-07T10:33:46.821213Z","2025-05-07","DEFAULT","CASH","CARD_TRANSACTION","","IKEA HOSPITALET HFB","","","","-33.980000","","","EUR","","","","TR Card Transaction","a307276b-d397-4b35-b44d-0b6978fd215c","","","","5200"
"2025-05-07T08:08:03.485549Z","2025-05-07","DEFAULT","CASH","CARD_TRANSACTION","","GOOGLE*GOOGLE PLAY APP","","","","-1.990000","","","EUR","","","","TR Card Transaction","c62d6815-443a-4e97-89ee-60b35d8b609b","","","","5818"
"2025-05-07T10:30:20.898842Z","2025-05-07","DEFAULT","CASH","CARD_TRANSACTION","","NETFLIX.COM","","","","-6.990000","","","EUR","","","","TR Card Transaction","1ef543c3-0228-4d28-9a2c-bf6d57529dc4","","","","4899"
"2025-05-08T15:15:50.798011Z","2025-05-08","DEFAULT","CASH","CARD_TRANSACTION","","LIDL PAY","","","","-25.750000","","","EUR","","","","TR Card Transaction","0971a795-edc6-4fe9-b3dc-fb0684b57586","","","","5411"
"2025-05-09T09:57:51.128Z","2025-05-09","DEFAULT","TRADING","BUY","FUND","Physical Swiss Gold USD ","JE00B588CD74","0.0407160000","283.180000","-11.53","","","EUR","","","","Savings plan execution JE00B588CD74 WisdomTree Physical Swiss Gold, quantity: 0.040716","68a04551-fd67-447c-afc4-86715943bb77","","","",""
"2025-05-10T09:32:31.114226Z","2025-05-10","DEFAULT","CASH","CARD_TRANSACTION","","BAZAR Y REGALOS","","","","-1.800000","","","EUR","","","","TR Card Transaction","81463322-e078-4122-9fc3-ee8b3508c161","","","","5947"
"2025-05-11T16:30:12.648539Z","2025-05-11","DEFAULT","CASH","CARD_TRANSACTION","","LIDL PAY","","","","-8.550000","","","EUR","","","","TR Card Transaction","1ecb8ba5-bf21-4df8-aea3-e0417f834853","","","","5411"
"2025-05-12T10:56:48.756239Z","2025-05-12","DEFAULT","CASH","CARD_TRANSACTION","","ANUBIS LA FARGA","","","","-3.600000","","","EUR","","","","TR Card Transaction","6c7ebc59-e8b0-4aaa-b712-aa0089f4a569","","","","5813"
"2025-05-13T19:26:17.457839Z","2025-05-13","DEFAULT","CASH","CARD_TRANSACTION_INTERNATIONAL","","LIDL PAY","","","","-45.590000","","","EUR","","","","TR Card Transaction","86b94267-9455-41b4-8d0a-05ef97bd77e4","","","","5411"
"2025-05-14T14:45:57.752724Z","2025-05-14","DEFAULT","CASH","INTEREST_PAYMENT","BOND","Aug. 2029","XS2800678224","","","64.010000","","","EUR","","","","Interest Payment for ISIN XS2800678224","0496d383-63b0-4483-8b63-5a520227ae4e","","","",""
"2025-05-14T15:17:49.573750Z","2025-05-14","DEFAULT","CASH","CARD_TRANSACTION","","LIDL PAY","","","","-0.490000","","","EUR","","","","TR Card Transaction","e10112f8-319d-47c7-8a8c-c8fb5720d029","","","","5411"
"2025-05-14T15:36:41.847260Z","2025-05-14","DEFAULT","CASH","CARD_TRANSACTION","","PRIMAPRIX BARCELONA II","","","","-8.350000","","","EUR","","","","TR Card Transaction","672014f8-ccf8-4fe0-97af-14c274490b64","","","","5411"
"2025-05-14T06:12:10.202206Z","2025-05-14","DEFAULT","CASH","CARD_TRANSACTION","","Temu.com","","","","-25.500000","","","EUR","","","","TR Card Transaction","7d5211cd-a6d2-44ce-8958-99ac304a40b4","","","","5399"
"2025-05-15T08:24:45.572984Z","2025-05-15","DEFAULT","CASH","CARD_TRANSACTION","","FISIOTERAPIA GRIFOLS","","","","-55.000000","","","EUR","","","","TR Card Transaction","c0e1ceed-b8c3-424c-84ab-e51717e2958d","","","","8062"
"2025-05-15T07:37:39.986006Z","2025-05-15","DEFAULT","CASH","CARD_TRANSACTION","","WWW.AMAZON.* 7L9XJ9GN5","","","","-8.900000","","","EUR","","","","TR Card Transaction","ca0e8099-3ced-4bf0-b637-395ec3926506","","","","5399"
"2025-05-15T06:26:59.714254Z","2025-05-15","DEFAULT","CASH","CARD_TRANSACTION","","CASA MARCELINO","","","","-9.900000","","","EUR","","","","TR Card Transaction","65295514-a696-46f9-9261-5447a098ddaa","","","","5812"
"2025-05-16T08:44:40.315527Z","2025-05-16","DEFAULT","CASH","CARD_TRANSACTION","","LIDL PAY","","","","-0.650000","","","EUR","","","","TR Card Transaction","fd2189b7-e54f-42c9-8510-fb61adfb59fc","","","","5411"
"2025-05-16T09:58:33.500Z","2025-05-16","DEFAULT","TRADING","BUY","FUND","Physical Swiss Gold USD ","JE00B588CD74","0.0170100000","274.540000","-4.67","","","EUR","","","","Savings plan execution JE00B588CD74 WisdomTree Physical Swiss Gold, quantity: 0.017010","19717a63-7880-4aa2-a406-8e25593533ab","","","",""
"2025-05-17T09:13:55.804127Z","2025-05-17","DEFAULT","CASH","CARD_TRANSACTION","","LIDL PAY","","","","-1.570000","","","EUR","","","","TR Card Transaction","92aa932a-9f74-4ef9-9804-71a057f50efc","","","","5411"
"2025-05-18T06:53:47.585962Z","2025-05-18","DEFAULT","CASH","CARD_TRANSACTION","","AMZN Mktp ES*ZL17V6925","","","","-18.990000","","","EUR","","","","TR Card Transaction","2d260305-658d-4b59-9e82-90f834145bd1","","","","5999"
"2025-05-18T17:33:31.047708Z","2025-05-18","DEFAULT","CASH","CARD_TRANSACTION","","GASTRO BURGER","","","","-28.500000","","","EUR","","","","TR Card Transaction","0eeda7f5-b3e2-4cdf-a1da-c6248cc4e239","","","","5814"
"2025-05-19T12:48:15.950191Z","2025-05-19","DEFAULT","CASH","CARD_TRANSACTION","","RESTAURANT FLORIAC","","","","-119.050000","","","EUR","","","","TR Card Transaction","7532ab7a-55b0-41ee-aec7-236c39d9b4be","","","","5812"
"2025-05-20T16:01:42.319141Z","2025-05-20","DEFAULT","CASH","CARD_TRANSACTION","","LIDL PAY","","","","-41.270000","","","EUR","","","","TR Card Transaction","6645ed41-023d-46e5-ad33-5ad283cae9ae","","","","5411"
"2025-05-21T15:46:26.675072Z","2025-05-21","DEFAULT","CASH","CARD_TRANSACTION","","ITV MOTORS","","","","-21.290000","","","EUR","","","","TR Card Transaction","176006da-5d6e-47d9-86c9-d4dd0a218063","","","","7538"
"2025-05-21T06:40:52.349546Z","2025-05-21","DEFAULT","CASH","CARD_TRANSACTION","","LIDL PAY","","","","-2.370000","","","EUR","","","","TR Card Transaction","7bc21709-be8c-4dd8-ac77-e7f1250c5e08","","","","5411"
"2025-05-21T07:10:06.886357Z","2025-05-21","DEFAULT","CASH","CARD_TRANSACTION","","UNVRS* FIESTA 5 ANI...","","","","-24.510000","","","EUR","","","","TR Card Transaction","0081552f-3293-4621-9011-994901741b1e","","","","7922"
"2025-05-22T16:04:32.296626Z","2025-05-22","DEFAULT","CASH","CARD_TRANSACTION","","RESTAURANTE MARCELINO","","","","-9.900000","","","EUR","","","","TR Card Transaction","f5baf9dd-7e2b-48df-861e-8f5c814bab4d","","","","5812"
"2025-05-23T09:57:46.239Z","2025-05-23","DEFAULT","TRADING","BUY","FUND","Physical Swiss Gold USD ","JE00B588CD74","0.0186200000","280.880000","-5.23","","","EUR","","","","Savings plan execution JE00B588CD74 WisdomTree Physical Swiss Gold, quantity: 0.018620","f120bbda-a3db-4c97-8d7b-43bcb52be042","","","",""
"2025-05-23T12:59:17.697Z","2025-05-23","DEFAULT","TRADING","SELL","BOND","März 2028","XS2434895558","-1000.0000000000","0.952400","957.12","-1.00","","EUR","","","","Sell trade XS2434895558 RUMAENIEN 22/28 MTN REGS, quantity: 1000","755da350-ea63-4630-9bc2-ad9a77d4a351","","","",""
"2025-05-23T12:59:17.772Z","2025-05-23","DEFAULT","TRADING","SELL","BOND","März 2028","XS2434895558","-25.7200000000","0.952400","24.62","","","EUR","","","","Sell trade XS2434895558 RUMAENIEN 22/28 MTN REGS, quantity: 25.72","45123e5d-78a8-455b-a08d-ba61d65d763c","","","",""
"2025-05-23T15:11:32.231886Z","2025-05-23","DEFAULT","CASH","CARD_TRANSACTION","","LIDL PAY","","","","-3.520000","","","EUR","","","","TR Card Transaction","e06bd518-4180-4918-ab7b-b6d87d4dc7af","","","","5411"
"2025-05-23T15:12:17.524195Z","2025-05-23","DEFAULT","CASH","CARD_TRANSACTION","","STAR LLAR","","","","-2.800000","","","EUR","","","","TR Card Transaction","7837fbb4-e4fe-4590-b6a5-5a1d49298542","","","","5251"
"2025-05-24T16:00:24.424463Z","2025-05-24","DEFAULT","CASH","CARD_TRANSACTION","","MERCADONA PRAT DE LA RIBA","","","","-33.030000","","","EUR","","","","TR Card Transaction","b23cbcc8-725a-40b5-9892-5ed227955a08","","","","5411"
"2025-05-24T17:42:39.922947Z","2025-05-24","DEFAULT","CASH","CARD_TRANSACTION","","SALAMANDRA BCN SL","","","","-10.000000","","","EUR","","","","TR Card Transaction","ba88a02a-d163-4115-a459-71cfcd595e47","","","","5813"
"2025-05-24T16:06:39.198994Z","2025-05-24","DEFAULT","CASH","CARD_TRANSACTION","","LIDL PAY","","","","-0.990000","","","EUR","","","","TR Card Transaction","ad3cd96c-13a3-4ad7-b040-192719f27502","","","","5411"
"2025-05-25T09:47:31.381169Z","2025-05-25","DEFAULT","CASH","CARD_TRANSACTION","","LIDL PAY","","","","-7.670000","","","EUR","","","","TR Card Transaction","e2006900-d7a4-4283-93d2-101e3b256763","","","","5411"
"2025-05-26T15:43:27.878580Z","2025-05-26","DEFAULT","CASH","INTEREST_PAYMENT","BOND","Mai 2028","XS1420357318","","","57.990000","","","EUR","","","","Interest Payment for ISIN XS1420357318","49615943-31b4-428f-8141-8abe7bccf328","","","",""
"2025-05-27T16:05:43.559776Z","2025-05-27","DEFAULT","CASH","CARD_TRANSACTION","","PANADERIA LA 42","","","","-5.500000","","","EUR","","","","TR Card Transaction","ad9afb5f-b6c4-44ad-a2c7-08b72b0bdfff","","","","5411"
"2025-05-27T15:56:22.757274Z","2025-05-27","DEFAULT","CASH","CARD_TRANSACTION","","LIDL PAY","","","","-40.900000","","","EUR","","","","TR Card Transaction","45120263-8ee0-46b8-acc2-299bd1d6c67d","","","","5411"
"2025-05-28T16:21:33.141074Z","2025-05-28","DEFAULT","CASH","CARD_TRANSACTION","","LIDL PAY","","","","-1.650000","","","EUR","","","","TR Card Transaction","0d26a496-a50e-440b-89ec-9bdafe9f7880","","","","5411"
"2025-05-29T18:10:29.898274Z","2025-05-29","DEFAULT","CASH","CARD_TRANSACTION","","RESTAURANTE MARCELINO","","","","-10.800000","","","EUR","","","","TR Card Transaction","f858374c-b4dd-47b6-8ee0-1414802dafb2","","","","5812"
"2025-05-29T17:29:15.999696Z","2025-05-29","DEFAULT","CASH","CARD_TRANSACTION","","LIDL PAY","","","","-2.610000","","","EUR","","","","TR Card Transaction","2f63df56-7a02-4f1d-911f-cd20d932ba98","","","","5411"
"2025-05-29T12:01:25.382790Z","2025-05-29","DEFAULT","CASH","CARD_TRANSACTION","","00ES004068ALPS","","","","-10.000000","","","EUR","","","","TR Card Transaction","7617dd7b-0402-4435-84d9-6b3ebf14d352","","","","5542"
"2025-05-29T14:54:07.349931Z","2025-05-29","DEFAULT","CASH","CARD_TRANSACTION","","ZEEMAN L HOSPITALET DE LL","","","","-11.980000","","","EUR","","","","TR Card Transaction","8283918e-f5d2-4866-b026-79e4bd749fc6","","","","5611"
"2025-05-31T18:29:19.591231Z","2025-05-31","DEFAULT","CASH","CARD_TRANSACTION","","MEDIACASA","","","","-2.950000","","","EUR","","","","TR Card Transaction","4d8da0b1-3ed7-4b68-8c03-1571c2eb3100","","","","5651"
"2025-06-01T00:36:02.049251Z","2025-06-01","DEFAULT","CASH","INTEREST_PAYMENT","","","","","","19.500000","","","EUR","","","","Interest payment Booking","357fbe01-1989-49c7-ac33-8af1a55e3243","","","",""
"2025-06-02T08:18:32.329Z","2025-06-02","DEFAULT","TRADING","BUY","CRYPTO","Bitcoin","BTC","0.0005230000","95432.610000","-49.91","","","EUR","","","","Savings plan execution XF000BTC0017 Bitcoin, quantity: 0.000523","df96a685-66e7-487d-a398-ae1505417f38","","","",""
"2025-06-02T08:18:59.308Z","2025-06-02","DEFAULT","TRADING","BUY","CRYPTO","Bitcoin","BTC","0.0001570000","95432.610000","-14.98","","","EUR","","","","Savings plan execution XF000BTC0017 Bitcoin, quantity: 0.000157","0a23eb89-6eb3-4086-a1bf-dda9311ac586","","","",""
"2025-06-02T08:50:13.034030Z","2025-06-02","DEFAULT","CASH","BENEFITS_SAVEBACK","CRYPTO","Bitcoin","BTC","","","14.980000","","","EUR","","","","Your Saveback payment","3538ebe3-1261-49b4-9df1-0ad95e80c928","","","",""
"2025-06-02T09:58:42.781Z","2025-06-02","DEFAULT","TRADING","BUY","FUND","Physical Swiss Gold USD ","JE00B588CD74","0.0210910000","280.680000","-5.92","","","EUR","","","","Savings plan execution JE00B588CD74 WisdomTree Physical Swiss Gold, quantity: 0.021091","0b032b1b-1c19-4f26-a3c0-64a7a069b7ed","","","",""
"2025-06-02T11:28:46.856319Z","2025-06-02","DEFAULT","CASH","CARD_TRANSACTION","","MONTSENY SUR","","","","-20.000000","","","EUR","","","","TR Card Transaction","5158266f-dce2-40d2-a75e-28e68db18db4","","","","5541"
"2025-06-03T16:52:04.105726Z","2025-06-03","DEFAULT","CASH","CARD_TRANSACTION","","LIDL PAY","","","","-35.910000","","","EUR","","","","TR Card Transaction","b2af0c6a-20ef-464d-b42d-124ea0c283fc","","","","5411"
"2025-06-05T17:07:41.589401Z","2025-06-05","DEFAULT","CASH","CARD_TRANSACTION","","RESTAURANTE MARCELINO","","","","-10.800000","","","EUR","","","","TR Card Transaction","f54fce5f-f82d-4b6e-acc0-a3562d68e6e8","","","","5812"
"2025-06-06T09:19:34.700Z","2025-06-06","DEFAULT","TRADING","BUY","STOCK","Tesla","US88160R1014","0.8153370000","262.100000","-213.70","","","EUR","","","","Buy trade US88160R1014 TESLA INC. DL -,001, quantity: 0.815337","41f244a4-f510-4d34-b5e9-cc04f333fb97","","","",""
"2025-06-06T09:19:34.712Z","2025-06-06","DEFAULT","TRADING","BUY","STOCK","Tesla","US88160R1014","3.0000000000","262.100000","-786.30","-1.00","","EUR","","","","Buy trade US88160R1014 TESLA INC. DL -,001, quantity: 3.0","007b965f-3e2b-4163-bbd4-23bcd6706cc9","","","",""
"2025-06-06T16:54:51.512875Z","2025-06-06","DEFAULT","CASH","CARD_TRANSACTION","","CATALUNYA DONER KEBAB SAN","","","","-14.000000","","","EUR","","","","TR Card Transaction","47aaff22-c1ea-4c4c-8ab6-0347d99d4223","","","","5814"
"2025-06-07T12:21:11.584947Z","2025-06-07","DEFAULT","CASH","CARD_TRANSACTION","","LIDL PAY","","","","-0.650000","","","EUR","","","","TR Card Transaction","b0f15f5f-4748-4355-89eb-7cfb25b0e0f8","","","","5411"
"2025-06-07T07:57:55.436746Z","2025-06-07","DEFAULT","CASH","CARD_TRANSACTION","","FISIOTERAPIA GRIFOLS","","","","-55.000000","","","EUR","","","","TR Card Transaction","0ff6ec2d-8c8b-4333-8f33-396dd6d51295","","","","8062"
"2025-06-07T12:42:22.405039Z","2025-06-07","DEFAULT","CASH","CARD_TRANSACTION","","NETFLIX.COM","","","","-6.990000","","","EUR","","","","TR Card Transaction","59ec4ab2-53fa-4e22-b7f9-3f2b1dd9acde","","","","4899"
"2025-06-08T12:43:54.291899Z","2025-06-08","DEFAULT","CASH","CARD_TRANSACTION","","MEDIACASA","","","","-1.500000","","","EUR","","","","TR Card Transaction","8f3cb448-bcb7-4a82-bc53-185212cdeb7a","","","","5651"
"2025-06-08T12:39:21.210698Z","2025-06-08","DEFAULT","CASH","CARD_TRANSACTION","","DIA TOSSA 943","","","","-0.890000","","","EUR","","","","TR Card Transaction","9388536e-33ee-44a4-b345-84cb1eb3e984","","","","5411"
"2025-06-08T07:30:58.216754Z","2025-06-08","DEFAULT","CASH","CARD_TRANSACTION","","HIPERMERCAT ESCLAT H82T","","","","-76.880000","","","EUR","","","","TR Card Transaction","4734a08f-4e23-477a-9ff4-f6d74a3296c2","","","","5411"
"2025-06-09T01:18:49.241Z","2025-06-09","DEFAULT","DELIVERY","MIGRATION","CRYPTO","Bitcoin","BTC","-0.0651950000","85786.869800","","","","EUR","","","","MIGRATION BTC","7a8953d1-d206-40a4-9171-e422ea7a0276","","","",""
"2025-06-09T01:18:49.241Z","2025-06-09","DEFAULT","DELIVERY","MIGRATION","CRYPTO","Bitcoin","BTC","0.0651950000","85786.869800","","","","EUR","","","","MIGRATION BTC","e7cf6ce7-404e-441d-b80a-e2c490e21660","","","",""
"2025-06-09T01:36:48.171Z","2025-06-09","DEFAULT","DELIVERY","MIGRATION","BOND","Aug. 2026","DE000A30WFV1","-2460.2300000000","0.976400","","","","EUR","","","","MIGRATION DE000A30WFV1","46c4ad4f-5af1-4c75-b4de-43760a52357b","","","",""
"2025-06-09T01:36:48.174Z","2025-06-09","DEFAULT","DELIVERY","MIGRATION","BOND","Aug. 2026","DE000A30WFV1","2460.2300000000","0.976400","","","","EUR","","","","MIGRATION DE000A30WFV1","306ee998-12d7-49cd-a1ba-0de08987dddf","","","",""
"2025-06-09T01:36:48.176Z","2025-06-09","DEFAULT","DELIVERY","MIGRATION","BOND","Okt. 2054","ES0000012M93","-1004.4900000000","0.979000","","","","EUR","","","","MIGRATION ES0000012M93","30937a30-8ad8-4ffd-a445-68c936bc8541","","","",""
"2025-06-09T01:36:48.178Z","2025-06-09","DEFAULT","DELIVERY","MIGRATION","BOND","Okt. 2054","ES0000012M93","1004.4900000000","0.979000","","","","EUR","","","","MIGRATION ES0000012M93","3f9a0892-1978-4f82-a2c0-30fd85e736ab","","","",""
"2025-06-09T01:36:48.179Z","2025-06-09","DEFAULT","DELIVERY","MIGRATION","FUND","S&P 500","IE000Z9SJA06","-417.8850490000","9.579500","","","","EUR","","","","MIGRATION IE000Z9SJA06","d989116d-a201-4df7-b0ed-503bf17e550d","","","",""
"2025-06-09T01:36:48.181Z","2025-06-09","DEFAULT","DELIVERY","MIGRATION","FUND","S&P 500","IE000Z9SJA06","417.8850490000","9.579500","","","","EUR","","","","MIGRATION IE000Z9SJA06","16b9456c-405e-4640-b8f5-b66bab40b1eb","","","",""
"2025-06-09T01:36:48.182Z","2025-06-09","DEFAULT","DELIVERY","MIGRATION","FUND","S&P 500 Information Tech USD (Acc)","IE00B3WJKG14","-63.6475960000","29.920200","","","","EUR","","","","MIGRATION IE00B3WJKG14","221ed484-0ca7-43b7-8399-9a58cf160fb8","","","",""
"2025-06-09T01:36:48.184Z","2025-06-09","DEFAULT","DELIVERY","MIGRATION","FUND","S&P 500 Information Tech USD (Acc)","IE00B3WJKG14","63.6475960000","29.920200","","","","EUR","","","","MIGRATION IE00B3WJKG14","50d4fe9d-93ec-4da0-8180-2bee02e8bc75","","","",""
"2025-06-09T01:36:48.186Z","2025-06-09","DEFAULT","DELIVERY","MIGRATION","FUND","S&P SmallCap 600  (Acc)","IE00BH3YZ803","-7.6581400000","65.420600","","","","EUR","","","","MIGRATION IE00BH3YZ803","0087eff9-84e1-44fd-baaa-a7bfe4402f03","","","",""
"2025-06-09T01:36:48.187Z","2025-06-09","DEFAULT","DELIVERY","MIGRATION","FUND","S&P SmallCap 600  (Acc)","IE00BH3YZ803","7.6581400000","65.420600","","","","EUR","","","","MIGRATION IE00BH3YZ803","a053b2bd-f48d-4447-bd62-25e6a371e8b3","","","",""
"2025-06-09T01:36:48.189Z","2025-06-09","DEFAULT","DELIVERY","MIGRATION","FUND","FTSE China USD (Acc)","IE00BHZRR147","-33.6245750000","23.274800","","","","EUR","","","","MIGRATION IE00BHZRR147","5d5952a7-59e1-43c4-bd64-5d4c20ac0f46","","","",""
"2025-06-09T01:36:48.191Z","2025-06-09","DEFAULT","DELIVERY","MIGRATION","FUND","FTSE China USD (Acc)","IE00BHZRR147","33.6245750000","23.274800","","","","EUR","","","","MIGRATION IE00BHZRR147","c24f7e0d-1636-4ac7-ba35-fbb5dfc5df4e","","","",""
"2025-06-09T01:36:48.193Z","2025-06-09","DEFAULT","DELIVERY","MIGRATION","FUND","Russell 2000 USD (Acc)","IE00BJZ2DD79","-4.8661040000","334.183200","","","","EUR","","","","MIGRATION IE00BJZ2DD79","a7aa9c2d-204a-4990-b18c-225425cd6a0d","","","",""
"2025-06-09T01:36:48.195Z","2025-06-09","DEFAULT","DELIVERY","MIGRATION","FUND","Russell 2000 USD (Acc)","IE00BJZ2DD79","4.8661040000","334.183200","","","","EUR","","","","MIGRATION IE00BJZ2DD79","f9402c93-33e7-43b1-a23a-60865bec9736","","","",""
"2025-06-09T01:36:48.197Z","2025-06-09","DEFAULT","DELIVERY","MIGRATION","FUND","US Treasury Bond 20+y USD (Dist)","IE00BSKRJZ44","-312.5488350000","3.202500","","","","EUR","","","","MIGRATION IE00BSKRJZ44","05e21f93-0476-4028-a2f9-e52303971ab7","","","",""
"2025-06-09T01:36:48.198Z","2025-06-09","DEFAULT","DELIVERY","MIGRATION","FUND","US Treasury Bond 20+y USD (Dist)","IE00BSKRJZ44","312.5488350000","3.202500","","","","EUR","","","","MIGRATION IE00BSKRJZ44","5d7d95ee-335d-4873-922a-8d0e1023b08c","","","",""
"2025-06-09T01:36:48.201Z","2025-06-09","DEFAULT","DELIVERY","MIGRATION","FUND","Physical Swiss Gold USD ","JE00B588CD74","-9.9955940000","221.943000","","","","EUR","","","","MIGRATION JE00B588CD74","35f52402-9e21-4ff2-8bf2-81577e3daa0c","","","",""
"2025-06-09T01:36:48.203Z","2025-06-09","DEFAULT","DELIVERY","MIGRATION","FUND","Physical Swiss Gold USD ","JE00B588CD74","9.9955940000","221.943000","","","","EUR","","","","MIGRATION JE00B588CD74","85d4fd31-faa6-45c5-b62c-1bb9d07b061a","","","",""
"2025-06-09T01:36:48.205Z","2025-06-09","DEFAULT","DELIVERY","MIGRATION","STOCK","Berkshire Hathaway (B)","US0846707026","-4.0084350000","462.009100","","","","EUR","","","","MIGRATION US0846707026","576c6679-a781-4191-83d6-ffe98de0c92e","","","",""
"2025-06-09T01:36:48.207Z","2025-06-09","DEFAULT","DELIVERY","MIGRATION","STOCK","Berkshire Hathaway (B)","US0846707026","4.0084350000","462.009100","","","","EUR","","","","MIGRATION US0846707026","eeb8dff6-3214-4ba6-9917-03ed40906253","","","",""
"2025-06-09T01:36:48.209Z","2025-06-09","DEFAULT","DELIVERY","MIGRATION","STOCK","Tesla","US88160R1014","-3.8153370000","262.362100","","","","EUR","","","","MIGRATION US88160R1014","fa3b3d76-3d7e-493d-aba1-4f353812269d","","","",""
"2025-06-09T01:36:48.210Z","2025-06-09","DEFAULT","DELIVERY","MIGRATION","STOCK","Tesla","US88160R1014","3.8153370000","262.362100","","","","EUR","","","","MIGRATION US88160R1014","97ef0d8b-e59b-483e-b3ac-19bb2327f07c","","","",""
"2025-06-09T01:36:48.212Z","2025-06-09","DEFAULT","DELIVERY","MIGRATION","BOND","Mai 2028","XS1420357318","-2017.0600000000","0.970300","","","","EUR","","","","MIGRATION XS1420357318","778ea8b4-ed9b-4c77-a7b3-1a035c18b306","","","",""
"2025-06-09T01:36:48.215Z","2025-06-09","DEFAULT","DELIVERY","MIGRATION","BOND","Mai 2028","XS1420357318","2017.0600000000","0.970300","","","","EUR","","","","MIGRATION XS1420357318","9309797d-2342-4f2d-9eeb-10e827d15811","","","",""
"2025-06-09T01:36:48.217Z","2025-06-09","DEFAULT","DELIVERY","MIGRATION","BOND","Apr. 2027","XS2695009998","-892.7400000000","1.089100","","","","EUR","","","","MIGRATION XS2695009998","769817c5-14e6-47e1-880f-d40a2bd0f64d","","","",""
"2025-06-09T01:36:48.218Z","2025-06-09","DEFAULT","DELIVERY","MIGRATION","BOND","Apr. 2027","XS2695009998","892.7400000000","1.089100","","","","EUR","","","","MIGRATION XS2695009998","055be7f9-3a62-47dc-8fb5-aecd3298b041","","","",""
"2025-06-09T01:36:48.220Z","2025-06-09","DEFAULT","DELIVERY","MIGRATION","BOND","Aug. 2029","XS2800678224","-1765.8200000000","1.119300","","","","EUR","","","","MIGRATION XS2800678224","026481db-801e-4d7a-ad12-c70f341ea9f3","","","",""
"2025-06-09T01:36:48.222Z","2025-06-09","DEFAULT","DELIVERY","MIGRATION","BOND","Aug. 2029","XS2800678224","1765.8200000000","1.119300","","","","EUR","","","","MIGRATION XS2800678224","2587b5f4-d812-4eef-ba3c-19a2c248a1cb","","","",""
"2025-06-09T06:41:13.289595Z","2025-06-09","DEFAULT","CASH","CARD_TRANSACTION","","GRANJA DE TOSSA","","","","-7.300000","","","EUR","","","","TR Card Transaction","70647139-8788-4598-809d-814257ae3618","","","","5813"
"2025-06-09T07:44:58.281312Z","2025-06-09","DEFAULT","CASH","CARD_TRANSACTION","","HIPERMERCAT ESCLAT H82T","","","","-17.190000","","","EUR","","","","TR Card Transaction","311678ab-2627-4042-89b7-a9e2059a63b2","","","","5411"
"2025-06-09T07:49:40.852008Z","2025-06-09","DEFAULT","CASH","CARD_TRANSACTION","","SUPER CAMPING TOSSA","","","","-1.300000","","","EUR","","","","TR Card Transaction","bc87ffa4-cafa-4110-8b20-2d0663dd55e3","","","","5411"
"2025-06-09T10:02:42.904Z","2025-06-09","DEFAULT","TRADING","BUY","FUND","Physical Swiss Gold USD ","JE00B588CD74","0.0200970000","278.140000","-5.59","","","EUR","","","","Savings plan execution JE00B588CD74 WisdomTree Physical Swiss Gold, quantity: 0.020097","36cc364e-9a29-42fa-8e82-8f87adf99476","","","",""
"2025-06-10T07:33:21.012409Z","2025-06-10","DEFAULT","CASH","CARD_TRANSACTION","","ESCLATOIL 4082T TOSSA DE","","","","-46.980000","","","EUR","","","","TR Card Transaction","c6490285-279b-41c7-bbb5-0aab82b43b0d","","","","5542"
"2025-06-10T06:49:22.761497Z","2025-06-10","DEFAULT","CASH","CARD_TRANSACTION","","Telpark","","","","-5.600000","","","EUR","","","","TR Card Transaction","d5ead58d-f616-47f1-808a-069671ea39e9","","","","7523"
"2025-06-10T17:38:43.147Z","2025-06-10","DEFAULT","TRADING","SELL","STOCK","Tesla","US88160R1014","-3.0000000000","280.150000","840.45","-1.00","","EUR","","","","Sell trade US88160R1014 TESLA INC. DL -,001, quantity: 3","d1ccfdf6-5eb0-49f3-97ee-9c8be2cad708","","","",""
"2025-06-10T17:38:43.155Z","2025-06-10","DEFAULT","TRADING","SELL","STOCK","Tesla","US88160R1014","-0.8153370000","280.150000","228.42","","","EUR","","","","Sell trade US88160R1014 TESLA INC. DL -,001, quantity: 0.815337","f0f9c553-ecd8-4c03-9929-d7db994de19a","","","",""
"2025-06-11T12:12:40.558662Z","2025-06-11","DEFAULT","CASH","CARD_TRANSACTION","","LIDL PAY","","","","-16.970000","","","EUR","","","","TR Card Transaction","7802c419-b49b-4c7e-a6d3-f42072d2df95","","","","5411"
"2025-06-12T09:02:42.983518Z","2025-06-12","DEFAULT","CASH","CARD_TRANSACTION","","UBER   *EATS","","","","-38.660000","","","EUR","","","","TR Card Transaction","99e924e0-e5d7-42bd-ab1f-1f16d4145818","","","","5812"
"2025-06-14T06:17:11.246471Z","2025-06-14","DEFAULT","CASH","CARD_TRANSACTION","","FRANKFURT CENTRO","","","","-16.050000","","","EUR","","","","TR Card Transaction","6f3e9d89-e8f8-4e35-90f1-c1ae4c98f59e","","","","5812"
"2025-06-16T09:58:19.639Z","2025-06-16","DEFAULT","TRADING","BUY","FUND","Physical Swiss Gold USD ","JE00B588CD74","0.0128270000","282.200000","-3.62","","","EUR","","","","Savings plan execution JE00B588CD74 WisdomTree Physical Swiss Gold, quantity: 0.012827","c6b3ef24-2ffd-4828-bfc3-6acd8de34a2f","","","",""
"2025-06-16T10:13:35.710144Z","2025-06-16","DEFAULT","CASH","CARD_TRANSACTION","","CONDIS JOSEP TARRADELL","","","","-1.150000","","","EUR","","","","TR Card Transaction","50d01a98-779d-4f25-a307-2f45a172d7df","","","","5411"
"2025-06-17T12:12:23.913261Z","2025-06-17","DEFAULT","CASH","CARD_TRANSACTION","","LIDL PAY","","","","-35.340000","","","EUR","","","","TR Card Transaction","aa0971b7-d797-4188-ad05-7429a2dd0088","","","","5411"
"2025-06-18T09:51:58.445163Z","2025-06-18","DEFAULT","CASH","CARD_TRANSACTION","","KEY TOURS GR","","","","-187.950000","","","EUR","","","","TR Card Transaction","65c68bc4-cbc2-4047-9d02-a58c9c5caa93","","","","4722"
"2025-06-19T11:27:46.900030Z","2025-06-19","DEFAULT","CASH","CARD_TRANSACTION","","DECATHLON L.HOSPITALET","","","","-23.980000","","","EUR","","","","TR Card Transaction","2d59f43b-7451-42b0-9a65-951a2578cb9a","","","","5941"
"2025-06-19T12:07:47.618659Z","2025-06-19","DEFAULT","CASH","CARD_TRANSACTION","","CARREF HOSPITALET","","","","-55.000000","","","EUR","","","","TR Card Transaction","7489a7ef-fb71-48fe-965c-081be78f5307","","","","5411"
"2025-06-19T11:40:02.536101Z","2025-06-19","DEFAULT","CASH","CARD_TRANSACTION","","CARREF HOSPITALET","","","","-8.990000","","","EUR","","","","TR Card Transaction","580616b2-90a8-4539-b993-0c111674f004","","","","5411"
"2025-06-20T11:09:28.578114Z","2025-06-20","DEFAULT","CASH","CARD_TRANSACTION","","ZARA REDUCE (LEFTIES)","","","","-4.990000","","","EUR","","","","TR Card Transaction","8a1a0725-92b7-40bd-bd26-6066f8a8bd66","","","","5651"
"2025-06-21T12:51:56.925842Z","2025-06-21","DEFAULT","CASH","CARD_TRANSACTION","","GASTRO BURGER","","","","-36.050000","","","EUR","","","","TR Card Transaction","064f017e-ca6f-459c-93dd-1609f3047b84","","","","5812"
"2025-06-22T11:32:58.063593Z","2025-06-22","DEFAULT","CASH","CARD_TRANSACTION","","LUKUMADES STORES","","","","-4.900000","","","EUR","","","","TR Card Transaction","5ac1932d-6a59-4534-a67e-76479960075a","","","","5812"
"2025-06-23T07:11:27.447078Z","2025-06-23","DEFAULT","CASH","CARD_TRANSACTION","","TYLICHTO GREEK WRA","","","","-29.300000","","","EUR","","","","TR Card Transaction","e2a40129-9980-4566-ad97-3af7aba63c93","","","","5812"
"2025-06-23T06:29:35.713982Z","2025-06-23","DEFAULT","CASH","CARD_TRANSACTION","","BAZAAR","","","","-7.930000","","","EUR","","","","TR Card Transaction","9a1b760e-1b37-4d16-beba-0d62bed524a5","","","","5411"
"2025-06-23T06:14:03.664892Z","2025-06-23","DEFAULT","CASH","CARD_TRANSACTION","","ARMOTEK E.E.","","","","-39.900000","","","EUR","","","","TR Card Transaction","8e45ad2b-a245-415c-a0c6-e913602b0a1b","","","","5813"
"2025-06-23T06:38:58.221194Z","2025-06-23","DEFAULT","CASH","CARD_TRANSACTION","","SALT OR SUGAR","","","","-9.500000","","","EUR","","","","TR Card Transaction","6d442f75-cb2c-4694-a25b-8dbe15787dd2","","","","5462"
"2025-06-23T09:57:45.656Z","2025-06-23","DEFAULT","TRADING","BUY","FUND","Physical Swiss Gold USD ","JE00B588CD74","0.0221380000","280.960000","-6.22","","","EUR","","","","Savings plan execution JE00B588CD74 WisdomTree Physical Swiss Gold, quantity: 0.022138","4609c652-daaa-43c6-a372-32bdb97e4841","","","",""
"2025-06-24T11:00:29.735879Z","2025-06-24","DEFAULT","CASH","CARD_TRANSACTION","","PAGOTA ERMOU EE","","","","-9.900000","","","EUR","","","","TR Card Transaction","d5243a32-9a47-4712-a232-0f08991f879e","","","","5814"
"2025-06-24T07:38:35.038418Z","2025-06-24","DEFAULT","CASH","CARD_TRANSACTION","","PALIO TETRADIO","","","","-64.000000","","","EUR","","","","TR Card Transaction","f6a90685-adb4-4244-a779-a3be8cb25dc7","","","","5812"
"2025-06-24T10:27:59.020689Z","2025-06-24","DEFAULT","CASH","CARD_TRANSACTION","","PANOPOULOS KONSTANTI","","","","-140.000000","","","EUR","","","","TR Card Transaction","eeefc302-466e-4eff-a08c-77a0a1ba7f32","","","","7999"
"2025-06-24T11:00:28.743179Z","2025-06-24","DEFAULT","CASH","CARD_TRANSACTION","","SUMUP  *UPERESIES ESTIASE","","","","-48.800000","","","EUR","","","","TR Card Transaction","681b61b9-0bc6-4746-8568-fcbee4eac0ca","","","","5812"
"2025-06-25T10:58:05.444669Z","2025-06-25","DEFAULT","CASH","CARD_TRANSACTION","","DELIVASILIS AGGELOS","","","","-111.000000","","","EUR","","","","TR Card Transaction","f04c6d46-51a3-4f01-9679-deac40982093","","","","7999"
"2025-06-25T16:59:33.178040Z","2025-06-25","DEFAULT","CASH","DIVIDEND","FUND","US Treasury Bond 20+y USD (Dist)","IE00BSKRJZ44","312.5488350000","","18.070000","","-3.43","EUR","20.97","USD","0.861549","Cash Dividend for ISIN IE00BSKRJZ44","2ef31020-7b61-4384-a23c-b635d90c661c","","","",""
"2025-06-25T12:20:32.410841Z","2025-06-25","DEFAULT","CASH","CARD_TRANSACTION","","UBER *TRIP HELP.UBER.COM","","","","-8.000000","","","EUR","","","","TR Card Transaction","dcd1969e-e417-4ff7-be93-ad08c96498a2","","","","4121"
"2025-06-25T10:56:47.843624Z","2025-06-25","DEFAULT","CASH","CARD_TRANSACTION","","ELEFTHERIOS LOUKAS","","","","-6.000000","","","EUR","","","","TR Card Transaction","667740e8-740d-4496-9ae1-8b174ee0157f","","","","5411"
"2025-06-25T08:10:10.004817Z","2025-06-25","DEFAULT","CASH","CARD_TRANSACTION","","PARADISE","","","","-40.000000","","","EUR","","","","TR Card Transaction","29394e09-4e59-47fa-a79e-cc2ff9a20f57","","","","5947"
"2025-06-25T10:52:20.054764Z","2025-06-25","DEFAULT","CASH","CARD_TRANSACTION","","STAMATELA ALEVRA","","","","-22.800000","","","EUR","","","","TR Card Transaction","69f8ddca-4b1e-4cfc-b327-5d15d1448a70","","","","5812"
"2025-06-25T10:58:24.180702Z","2025-06-25","DEFAULT","CASH","CARD_TRANSACTION","","DUTY FREE SHOPS","","","","-7.140000","","","EUR","","","","TR Card Transaction","b253da9a-82ea-420f-9da5-a41e8be12c3b","","","","5977"
"2025-06-25T07:01:56.192442Z","2025-06-25","DEFAULT","CASH","CARD_TRANSACTION","","OASA ETICKET POS","","","","-18.000000","","","EUR","","","","TR Card Transaction","0b608508-da6a-4cd1-bf7a-87be239ec83c","","","","4111"
"2025-06-25T08:00:42.867270Z","2025-06-25","DEFAULT","CASH","CARD_TRANSACTION","","ELEFTHERIADHS NIKOLAOS","","","","-12.000000","","","EUR","","","","TR Card Transaction","4822157e-3061-4efb-96b7-25b7bd2039bd","","","","5813"
"2025-06-25T09:02:25.574794Z","2025-06-25","DEFAULT","CASH","CARD_TRANSACTION","","SANTE MPOUGATSATSIDIKA","","","","-7.000000","","","EUR","","","","TR Card Transaction","48797065-ff76-4305-b710-073f7cc4ceb8","","","","5814"
"2025-06-25T07:03:07.762010Z","2025-06-25","DEFAULT","CASH","CARD_TRANSACTION","","BAZAAR","","","","-4.370000","","","EUR","","","","TR Card Transaction","55ef5675-7872-421a-b2e3-965989cdcbe9","","","","5411"
"2025-06-26T08:25:03.472326Z","2025-06-26","DEFAULT","CASH","CARD_TRANSACTION","","UBER   *TRIP","","","","-34.000000","","","EUR","","","","TR Card Transaction","c38a0845-6648-49b7-96c3-e73c0cb983e0","","","","4121"
"2025-06-26T07:57:56.564469Z","2025-06-26","DEFAULT","CASH","CARD_TRANSACTION","","APOLLONION A V E E","","","","-5.470000","","","EUR","","","","TR Card Transaction","1c02aab6-d008-41ce-9c57-41fd6c819cf4","","","","5462"
"2025-06-26T07:57:37.339757Z","2025-06-26","DEFAULT","CASH","CARD_TRANSACTION","","SSP HELLAS THE BEER HO","","","","-19.900000","","","EUR","","","","TR Card Transaction","289cb8e0-6346-406f-b502-213368e694e7","","","","5812"
"2025-06-26T06:53:27.121391Z","2025-06-26","DEFAULT","CASH","CARD_TRANSACTION","","OASA Athens","","","","-1.200000","","","EUR","","","","TR Card Transaction","992992ec-2e8f-44d4-bd70-651732820542","","","","4131"
"2025-06-26T09:05:27.225418Z","2025-06-26","DEFAULT","CASH","CARD_TRANSACTION","","ELENI PANTAZOGLOU","","","","-10.300000","","","EUR","","","","TR Card Transaction","45dd7ede-e142-48a9-a2fa-d27091be3061","","","","5813"
"2025-06-27T07:43:06.773617Z","2025-06-27","DEFAULT","CASH","CARD_TRANSACTION","","OASA ETICKET POS","","","","-3.600000","","","EUR","","","","TR Card Transaction","89ef5988-b87a-4b08-a06e-70640086a404","","","","4111"
"2025-06-28T12:29:43.509834Z","2025-06-28","DEFAULT","CASH","CARD_TRANSACTION","","MERCADONA PRAT DE LA RIBA","","","","-4.700000","","","EUR","","","","TR Card Transaction","fe7b7400-6086-460e-a88e-144d977c7830","","","","5411"
"2025-06-28T12:52:23.786559Z","2025-06-28","DEFAULT","CASH","CARD_TRANSACTION","","CARREF HOSPITALET","","","","-31.160000","","","EUR","","","","TR Card Transaction","cc03b5f5-6b44-4969-8647-64c798c897dd","","","","5411"
"2025-06-28T14:12:35.981446Z","2025-06-28","DEFAULT","CASH","CARD_TRANSACTION","","","","","","23.980000","","","EUR","","","","TR Card Transaction","9aee2283-94b6-421e-90bd-958110450951","","","",""
"2025-06-28T12:43:45.387724Z","2025-06-28","DEFAULT","CASH","CARD_TRANSACTION","","DECATHLON L.HOSPITALET","","","","-7.990000","","","EUR","","","","TR Card Transaction","d8c855d4-abf9-4ac5-9c6d-771462fc7743","","","","5941"
"2025-06-28T07:40:55.193887Z","2025-06-28","DEFAULT","CASH","CARD_TRANSACTION","","","","","","2.160000","","","EUR","","","","TR Card Transaction","bd9be9b7-2b1d-4edd-83ae-461af5f752aa","","","",""
"2025-06-28T12:37:26.014322Z","2025-06-28","DEFAULT","CASH","CARD_TRANSACTION","","MERCADONA PRAT DE LA RIBA","","","","-0.360000","","","EUR","","","","TR Card Transaction","2577d53c-f23a-4454-873e-b0806ddec8e6","","","","5411"
"2025-06-28T07:36:45.226656Z","2025-06-28","DEFAULT","CASH","CARD_TRANSACTION","","AYAFUEL","","","","-15.000000","","","EUR","","","","TR Card Transaction","26ee4f1c-26a5-4375-a440-17fcc2dadb7f","","","","5541"
"2025-06-28T11:07:14.760302Z","2025-06-28","DEFAULT","CASH","CARD_TRANSACTION","","WERKHAUS SL SCS","","","","-30.990000","","","EUR","","","","TR Card Transaction","83a822ac-e1f1-437d-ae4f-490b71f787ba","","","","5200"
"2025-06-29T08:00:40.083657Z","2025-06-29","DEFAULT","CASH","CARD_TRANSACTION","","SUPERMERCAT BON PREU S199","","","","-11.470000","","","EUR","","","","TR Card Transaction","519a4299-bfa4-4860-b2f3-d53096f1e9fb","","","","5411"
"2025-07-01T12:51:24.106424Z","2025-07-01","DEFAULT","CASH","CARD_TRANSACTION","","LIDL PAY","","","","-58.050000","","","EUR","","","","TR Card Transaction","ccb45191-5ba2-4fb2-b52f-91b5a79a5fb9","","","","5411"
"2025-07-01T01:48:25.815412Z","2025-07-01","DEFAULT","CASH","INTEREST_PAYMENT","","","","","","16.720000","","-3.18","EUR","","","","Interest payment for payout collection aa058548-6653-487f-90f5-a8e33df8ce99","66758ed2-9131-4d0e-9ff6-5743403310a9","","","",""
"2025-07-02T06:38:48.552Z","2025-07-02","DEFAULT","TRADING","BUY","CRYPTO","Bitcoin","BTC","0.0005340000","93620.200000","-49.99","","","EUR","","","","Savings plan execution XF000BTC0017 Bitcoin, quantity: 0.000534","58b2b8fc-3ef4-48c4-9ea8-b5f4b1ab9e0d","","","",""
"2025-07-02T09:59:04.123Z","2025-07-02","DEFAULT","TRADING","BUY","FUND","Physical Swiss Gold USD ","JE00B588CD74","0.0623250000","271.960000","-16.95","","","EUR","","","","Savings plan execution JE00B588CD74 WisdomTree Physical Swiss Gold, quantity: 0.062325","7ca85754-eb1e-460c-b482-ac9bf5cb51d7","","","",""
"2025-07-02T12:52:14.029780Z","2025-07-02","DEFAULT","CASH","CARD_TRANSACTION","","LA CALA","","","","-16.750000","","","EUR","","","","TR Card Transaction","df96f27a-6016-457c-9ddf-1bdf73fce747","","","","5812"
"2025-07-05T14:07:27.226766Z","2025-07-05","DEFAULT","CASH","CARD_TRANSACTION","","GELATOSSA","","","","-8.400000","","","EUR","","","","TR Card Transaction","6defc109-c978-4b20-b53d-aa4d5dcfca9f","","","","5499"
"2025-07-07T07:09:23.770113Z","2025-07-07","DEFAULT","CASH","TRANSFER_INBOUND","","","","","","2100.000000","","","EUR","","","","Incoming transfer from JAVIER RODRIGUEZ SERRANO","5def3ef7-444a-40a4-a78e-70b7cf48d38d","","","",""
"2025-07-07T06:17:11.675313Z","2025-07-07","DEFAULT","CASH","CARD_TRANSACTION","","Netflix.com","","","","-6.990000","","","EUR","","","","TR Card Transaction","4072dcf1-f06f-419b-9f26-acac95a4629f","","","","4899"
"2025-07-08T13:08:02.772760Z","2025-07-08","DEFAULT","CASH","CARD_TRANSACTION","","LIDL PAY","","","","-24.620000","","","EUR","","","","TR Card Transaction","a73b6464-d0fb-4942-b8e6-95ad9e072536","","","","5411"
"2025-07-08T13:14:42.118447Z","2025-07-08","DEFAULT","CASH","CARD_TRANSACTION","","FRUTAS Y VERDURAS","","","","-2.570000","","","EUR","","","","TR Card Transaction","938f5b10-1733-477e-ba37-98c61341ea1b","","","","4214"
"2025-07-08T13:19:55.416510Z","2025-07-08","DEFAULT","CASH","CARD_TRANSACTION","","PRIMAPRIX BARCELONA II","","","","-11.650000","","","EUR","","","","TR Card Transaction","ea81f54f-e12c-4aeb-a36b-55f370cfd475","","","","5411"
"2025-07-08T13:20:53.680595Z","2025-07-08","DEFAULT","CASH","CARD_TRANSACTION","","FARMACIA RAQUEL MORENO MU","","","","-19.080000","","","EUR","","","","TR Card Transaction","4b9d513a-bb34-417d-bda7-c664f542eb11","","","","5912"
"2025-07-09T11:28:51.675Z","2025-07-09","DEFAULT","TRADING","BUY","FUND","Physical Swiss Gold USD ","JE00B588CD74","0.0100080000","268.780000","-2.69","","","EUR","","","","Savings plan execution JE00B588CD74 WisdomTree Physical Swiss Gold, quantity: 0.010008","bbc137b4-2fe3-4524-909f-f6f2c479a5c3","","","",""
"2025-07-10T13:16:17.926387Z","2025-07-10","DEFAULT","CASH","CARD_TRANSACTION","","FARMACIA HORMIGOS","","","","-12.380000","","","EUR","","","","TR Card Transaction","66116367-54e6-476f-843b-10be94811363","","","","5912"
"2025-07-10T13:18:18.405622Z","2025-07-10","DEFAULT","CASH","CARD_TRANSACTION","","LIDL PAY","","","","-4.540000","","","EUR","","","","TR Card Transaction","ff1fcb75-f3b4-4ea8-86a9-ce0a575611d7","","","","5411"
"2025-07-10T13:30:34.749688Z","2025-07-10","DEFAULT","CASH","CARD_TRANSACTION","","PANADERIA SANT JOSEP","","","","-0.800000","","","EUR","","","","TR Card Transaction","353ada45-b6cb-497d-9374-3b80e84f02f4","","","","5813"
"2025-07-11T13:35:47.459848Z","2025-07-11","DEFAULT","CASH","CARD_TRANSACTION","","FARMACIA HORMIGOS","","","","-14.600000","","","EUR","","","","TR Card Transaction","55be5a62-5c1c-4b58-9a22-c9591ce00ac3","","","","5912"
"2025-07-13T14:05:35.581119Z","2025-07-13","DEFAULT","CASH","CARD_TRANSACTION","","LA SIRENA","","","","-26.390000","","","EUR","","","","TR Card Transaction","8b071bc1-9e7c-4ea9-973f-c2d5f00e7aaa","","","","5411"
"2025-07-13T11:21:15.525528Z","2025-07-13","DEFAULT","CASH","CARD_TRANSACTION","","CONDIS JOSEP TARRADELL","","","","-5.740000","","","EUR","","","","TR Card Transaction","f1bce2ea-9c89-4473-ab36-bc7af44a4e5a","","","","5411"
"2025-07-13T14:01:25.140786Z","2025-07-13","DEFAULT","CASH","CARD_TRANSACTION","","LIDL PAY","","","","-19.630000","","","EUR","","","","TR Card Transaction","28cf4ed6-01c9-475f-8de4-600c5ff94f4d","","","","5411"
"2025-07-13T11:21:12.979622Z","2025-07-13","DEFAULT","CASH","CARD_TRANSACTION","","CONDIS JOSEP TARRADELL","","","","-1.690000","","","EUR","","","","TR Card Transaction","375e5c3c-406f-4d49-aec0-070a1c3ab12d","","","","5411"
"2025-07-14T07:49:19.982819Z","2025-07-14","DEFAULT","CASH","CARD_TRANSACTION","","BAR LUCKY","","","","-3.800000","","","EUR","","","","TR Card Transaction","e2a98557-9754-4a8b-8e97-c436899284cb","","","","5812"
"2025-07-14T07:55:06.516275Z","2025-07-14","DEFAULT","CASH","CARD_TRANSACTION","","VIVARI","","","","-6.200000","","","EUR","","","","TR Card Transaction","411a8eae-f880-4395-b610-ef10a4add64a","","","","5411"
"2025-07-14T19:46:55.690Z","2025-07-14","DEFAULT","TRADING","SELL","CRYPTO","Bitcoin","BTC","-0.0098660000","101352.720000","999.95","-1.00","","EUR","","","","Sell trade XF000BTC0017 Bitcoin, quantity: 0.009866","3d68532d-977d-4a09-a743-cb0f8557c409","","","",""
"2025-07-15T13:07:45.803052Z","2025-07-15","DEFAULT","CASH","CARD_TRANSACTION","","FISIOTERAPIA GRIFOLS","","","","-55.000000","","","EUR","","","","TR Card Transaction","817bc910-0548-4b43-bbd9-7167435ae3e4","","","","8062"
"2025-07-16T09:58:57.961Z","2025-07-16","DEFAULT","TRADING","BUY","FUND","Physical Swiss Gold USD ","JE00B588CD74","0.0222220000","275.400000","-6.12","","","EUR","","","","Savings plan execution JE00B588CD74 WisdomTree Physical Swiss Gold, quantity: 0.022222","98ffc954-4005-43f5-ae26-487ee4ae9453","","","",""
"2025-07-16T12:53:07.848641Z","2025-07-16","DEFAULT","CASH","CARD_TRANSACTION","","MERCADONA PRAT DE LA RIBA","","","","-5.110000","","","EUR","","","","TR Card Transaction","db9660de-88fc-4cb9-ba98-b0e4f359ab0b","","","","5411"
"2025-07-17T12:48:45.563067Z","2025-07-17","DEFAULT","CASH","CARD_TRANSACTION","","FARMACIA RAQUEL MORENO MU","","","","-8.500000","","","EUR","","","","TR Card Transaction","986fabde-fd61-4a4b-acdb-bf5b32357598","","","","5912"
"2025-07-17T12:51:10.606771Z","2025-07-17","DEFAULT","CASH","CARD_TRANSACTION","","MERCADONA PRAT DE LA RIBA","","","","-3.710000","","","EUR","","","","TR Card Transaction","b6e64520-f7c0-45e9-a040-fd8853c6429c","","","","5411"
"2025-07-17T12:47:04.366550Z","2025-07-17","DEFAULT","CASH","CARD_TRANSACTION","","CAPRABO 415 LA FARGA","","","","-3.040000","","","EUR","","","","TR Card Transaction","4c04bbb8-abb5-44a2-8f17-ef93453ca4f7","","","","5411"
"2025-07-20T08:30:49.969548Z","2025-07-20","DEFAULT","CASH","CARD_TRANSACTION","","RAYAS DIVING","","","","-55.000000","","","EUR","","","","TR Card Transaction","12d0de36-faca-4142-962d-0578305c25bc","","","","8244"
"2025-07-21T09:35:19.391Z","2025-07-21","DEFAULT","TRADING","BUY","FUND","Uranium USD (Acc)","IE000NDWFGA5","47.8927200000","20.880000","-1000.00","-1.00","","EUR","","","","Buy trade IE000NDWFGA5 Global X ETFs ICAV - Global X Uranium UCITS ETF Acc USD, quantity: 47.89272","2a98a5ca-befb-4736-b297-ab359e6628a9","","","",""
"2025-07-22T13:11:29.252995Z","2025-07-22","DEFAULT","CASH","CARD_TRANSACTION","","FRUTAS Y VERDURAS","","","","-1.380000","","","EUR","","","","TR Card Transaction","6c2dd365-d320-4409-ac5d-8995529ca891","","","","4214"
"2025-07-22T13:01:22.196313Z","2025-07-22","DEFAULT","CASH","CARD_TRANSACTION","","LIDL PAY","","","","-27.750000","","","EUR","","","","TR Card Transaction","9bf2881b-87f0-487f-a6c3-c695f1ef7204","","","","5411"
"2025-07-22T06:17:18.448607Z","2025-07-22","DEFAULT","CASH","CARD_TRANSACTION","","Temu.com","","","","-21.580000","","","EUR","","","","TR Card Transaction","05d1e458-aea0-4f9e-8052-b85eaa016e9a","","","","5399"
"2025-07-23T09:57:47.439Z","2025-07-23","DEFAULT","TRADING","BUY","FUND","Physical Swiss Gold USD ","JE00B588CD74","0.0144320000","279.920000","-4.04","","","EUR","","","","Savings plan execution JE00B588CD74 WisdomTree Physical Swiss Gold, quantity: 0.014432","c729b199-1127-4e5b-81aa-f5acb3c25887","","","",""
"2025-07-24T07:39:30.527769Z","2025-07-24","DEFAULT","CASH","CARD_TRANSACTION","","FARGGI ARENAS","","","","-4.850000","","","EUR","","","","TR Card Transaction","24b33cc0-9ebb-4507-b03f-bddea8d095f7","","","","5813"
"2025-07-24T12:54:47.002247Z","2025-07-24","DEFAULT","CASH","CARD_TRANSACTION","","LIDL PAY","","","","-0.750000","","","EUR","","","","TR Card Transaction","43754be4-0dc7-4e53-b482-31ae0ba13ac1","","","","5411"
"2025-07-25T13:02:20.679596Z","2025-07-25","DEFAULT","CASH","CARD_TRANSACTION","","DOYOUSPAIN.COM","","","","-128.690000","","","EUR","","","","TR Card Transaction","82039b29-735a-4ee8-86ec-5ebb5fa90d06","","","","7512"
"2025-07-25T13:07:35.954446Z","2025-07-25","DEFAULT","CASH","CARD_TRANSACTION","","DOYOUSPAIN.COM","","","","-68.720000","","","EUR","","","","TR Card Transaction","7bad8ff3-096d-471b-bf1e-160c736181c5","","","","7512"
"2025-07-25T13:08:00.950536Z","2025-07-25","DEFAULT","CASH","CARD_TRANSACTION","","Rumbo","","","","-124.290000","","","EUR","","","","TR Card Transaction","b16f0afa-110d-429a-acd9-99f8d8df3eee","","","","4722"
"2025-07-25T13:01:22.250005Z","2025-07-25","DEFAULT","CASH","CARD_TRANSACTION","","Rumbo","","","","-205.990000","","","EUR","","","","TR Card Transaction","07cff163-b74c-4c60-b34a-2a15b9df352c","","","","4722"
"2025-07-26T08:54:40.912026Z","2025-07-26","DEFAULT","CASH","CARD_TRANSACTION","","BKG*HOTEL AT BOOKING.C","","","","-252.500000","","","EUR","","","","TR Card Transaction","99561ceb-44d8-4545-baf7-4b6e0911659c","","","","4722"
"2025-07-26T13:09:16.748209Z","2025-07-26","DEFAULT","CASH","CARD_TRANSACTION","","LIDL PAY","","","","-0.230000","","","EUR","","","","TR Card Transaction","f2c23363-ae03-4e5b-b074-6797059fb58c","","","","5411"
"2025-07-26T08:54:40.343971Z","2025-07-26","DEFAULT","CASH","CARD_TRANSACTION","","BKG*HOTEL AT BOOKING.C","","","","-197.100000","","","EUR","","","","TR Card Transaction","2f7778f2-18ff-4be4-8ce9-6c7a90c17888","","","","4722"
"2025-07-26T08:54:39.868401Z","2025-07-26","DEFAULT","CASH","CARD_TRANSACTION","","BKG*HOTEL AT BOOKING.C","","","","-79.020000","","","EUR","","","","TR Card Transaction","a449af1b-5de8-4bbb-b4dd-b128625128a9","","","","4722"
"2025-07-26T08:58:31.150946Z","2025-07-26","DEFAULT","CASH","CARD_TRANSACTION","","RYANAIR     JTCT3G0","","","","-112.500000","","","EUR","","","","TR Card Transaction","10812a24-034d-47e6-a9e9-cf86ae92854a","","","","3246"
"2025-07-26T08:54:40.389544Z","2025-07-26","DEFAULT","CASH","CARD_TRANSACTION","","BKG*HOTEL AT BOOKING.C","","","","-81.040000","","","EUR","","","","TR Card Transaction","56d46422-95ee-4bdc-ad16-f372de273f27","","","","4722"
"2025-07-27T08:42:17.681978Z","2025-07-27","DEFAULT","CASH","CARD_TRANSACTION","","DECATHLON L.HOSPITALET","","","","-5.990000","","","EUR","","","","TR Card Transaction","6ed545b9-d41b-4051-95a7-cbb7d4171a6c","","","","5941"
"2025-07-27T08:42:57.658494Z","2025-07-27","DEFAULT","CASH","CARD_TRANSACTION","","LIDL PAY","","","","-6.260000","","","EUR","","","","TR Card Transaction","f6a51b7d-fa19-492b-be03-b8f5875a8d0a","","","","5411"
"2025-07-27T08:51:04.484482Z","2025-07-27","DEFAULT","CASH","CARD_TRANSACTION","","FARMACIA RAQUEL MORENO MU","","","","-16.150000","","","EUR","","","","TR Card Transaction","1a6fd1f8-b8ce-49b8-a9fc-bde70e1a671a","","","","5912"
"2025-07-28T10:53:03.131797Z","2025-07-28","DEFAULT","CASH","CARD_TRANSACTION","","EL RINCON DE DORI","","","","-5.200000","","","EUR","","","","TR Card Transaction","f2e6012c-9475-4282-98d0-69f4f65bd91a","","","","5441"
"2025-07-28T10:43:17.319979Z","2025-07-28","DEFAULT","CASH","CARD_TRANSACTION","","JS PORTOCOLOM SUITES","","","","-336.720000","","","EUR","","","","TR Card Transaction","ad5f8a31-3669-45d6-826e-219540d71856","","","","7011"
"2025-07-28T10:55:41.521420Z","2025-07-28","DEFAULT","CASH","CARD_TRANSACTION","","EROSKI CENTER","","","","-0.540000","","","EUR","","","","TR Card Transaction","253c3354-1b31-43f5-b8b2-e0f96b339a83","","","","5411"
"2025-07-28T09:36:29.740698Z","2025-07-28","DEFAULT","CASH","CARD_TRANSACTION","","ES CUCURUTXO","","","","-34.200000","","","EUR","","","","TR Card Transaction","9d73064a-c1d3-4913-9e05-6d48e8cd9bb8","","","","5813"
"2025-07-28T10:55:43.088693Z","2025-07-28","DEFAULT","CASH","CARD_TRANSACTION","","EROSKI CENTER","","","","-29.920000","","","EUR","","","","TR Card Transaction","3bdc193b-ae98-41ca-b669-ff86699c0348","","","","5411"
"2025-07-29T07:39:32.103291Z","2025-07-29","DEFAULT","CASH","CARD_TRANSACTION","","EROSKI CENTER","","","","-4.090000","","","EUR","","","","TR Card Transaction","ddf226cd-1182-4e18-ba64-88827e93c8d9","","","","5411"
"2025-07-29T11:01:35.754415Z","2025-07-29","DEFAULT","CASH","CARD_TRANSACTION","","CARAMELOS PIRATA ALCUD","","","","-5.550000","","","EUR","","","","CARAMELOS PIRATA ALCUD","14773b0e-bb88-4709-99d9-439af7c7bee4","","","","5411"
"2025-07-29T10:48:52.030999Z","2025-07-29","DEFAULT","CASH","CARD_TRANSACTION","","ES CUCURUTXO","","","","-4.800000","","","EUR","","","","ES CUCURUTXO","194e1047-96d7-47ee-8150-f892a0479bf0","","","","5813"
"2025-07-29T10:49:31.329480Z","2025-07-29","DEFAULT","CASH","CARD_TRANSACTION","","ES CUCURUTXO","","","","-4.100000","","","EUR","","","","ES CUCURUTXO","37223600-4cbc-4038-a766-cc3dd1fb8d90","","","","5813"
"2025-07-29T07:32:29.675899Z","2025-07-29","DEFAULT","CASH","CARD_TRANSACTION","","LIDL PAY","","","","-5.810000","","","EUR","","","","TR Card Transaction","4abd572f-1a70-4983-9c8f-3a4afe81343c","","","","5411"
"2025-07-30T12:41:00.256880Z","2025-07-30","DEFAULT","CASH","CARD_TRANSACTION","","DIGASOIL, S.L.","","","","-46.200000","","","EUR","","","","DIGASOIL, S.L.","82bb54a9-3390-44bb-a615-d26a0d1878e8","","","","5541"
"2025-07-30T12:47:18.798888Z","2025-07-30","DEFAULT","CASH","CARD_TRANSACTION","","EasyPark Espana S.L.U.","","","","-2.240000","","","EUR","","","","EasyPark Espana S.L.U.","72c6e2b4-5671-46ec-a0ba-5e99a13480c0","","","","7523"
"2025-07-30T12:42:15.017520Z","2025-07-30","DEFAULT","CASH","CARD_TRANSACTION","","RESTAURANT ALCHEMY","","","","-38.150000","","","EUR","","","","RESTAURANT ALCHEMY","786a704f-3ac2-46cd-8110-f76632f49296","","","","5812"
"2025-07-30T07:31:11.006855Z","2025-07-30","DEFAULT","CASH","CARD_TRANSACTION","","CAN ROIG","","","","-2.050000","","","EUR","","","","CAN ROIG","48238e21-4efb-4581-b70c-52c0a1abf1da","","","","7523"
"2025-07-30T12:41:54.422768Z","2025-07-30","DEFAULT","CASH","CARD_TRANSACTION","","EROSKI CENTER","","","","-6.430000","","","EUR","","","","EROSKI CENTER","4ba380c6-5af6-4aeb-bea2-9828e3215a0c","","","","5411"
"2025-07-30T10:33:55.103644Z","2025-07-30","DEFAULT","CASH","CARD_TRANSACTION","","ES CUCURUTXO","","","","-4.800000","","","EUR","","","","ES CUCURUTXO","57a665da-f174-4210-9055-6d30d67b878d","","","","5813"
"2025-07-31T12:33:57.776932Z","2025-07-31","DEFAULT","CASH","CARD_TRANSACTION","","KiK Fil  6511","","","","-22.980000","","","EUR","","","","KiK Fil  6511","d56bba85-7be8-4192-bf71-15efd5112b69","","","","5651"
"2025-07-31T12:22:25.023600Z","2025-07-31","DEFAULT","CASH","CARD_TRANSACTION","","EDEKA GARMISCH-PAR","","","","-35.140000","","","EUR","","","","EDEKA GARMISCH-PAR","5ebc69cc-79ed-4595-856f-f2593a4fb7fe","","","","5411"
"2025-07-31T11:05:34.422549Z","2025-07-31","DEFAULT","CASH","CARD_TRANSACTION","","KASSENAUTOMAT KOLBEN","","","","-35.000000","","","EUR","","","","KASSENAUTOMAT KOLBEN","18faba09-60df-44d5-9770-6f4fc9e00d20","","","","4789"
"2025-07-31T12:01:54.873838Z","2025-07-31","DEFAULT","CASH","CARD_TRANSACTION","","EDEKA OBERAMMERGAU","","","","-4.380000","","","EUR","","","","EDEKA OBERAMMERGAU","5f31b83a-cdc5-415a-82f9-82bea4852936","","","","5411"
"2025-07-31T10:32:38.235193Z","2025-07-31","DEFAULT","CASH","CARD_TRANSACTION","","Hoflinger 10019","","","","-6.900000","","","EUR","","","","Hoflinger 10019","869868fd-105a-4093-a22c-1cfab99f4b84","","","","5462"
"2025-07-31T09:33:11.651277Z","2025-07-31","DEFAULT","CASH","CARD_TRANSACTION","","PARKAUTOMAT GEP","","","","-0.500000","","","EUR","","","","PARKAUTOMAT GEP","3e7ef1ac-6e9b-4fb9-863b-a3fb65e0eb1d","","","","7523"
"2025-08-01T11:27:35.751810Z","2025-08-01","DEFAULT","CASH","CARD_TRANSACTION","","TEDI Fil  5303","","","","-1.000000","","","EUR","","","","TEDI Fil  5303","d4da9b6a-d653-4a79-a2b3-64a56bf65183","","","","5651"
"2025-08-01T09:23:30.486842Z","2025-08-01","DEFAULT","CASH","CARD_TRANSACTION","","Parkplaetze am Eibsee","","","","-9.000000","","","EUR","","","","Parkplaetze am Eibsee","8f6f7ed2-d8ac-4495-a0e3-9b0f0476f850","","","","7523"
"2025-08-01T07:09:32.495613Z","2025-08-01","DEFAULT","CASH","CARD_TRANSACTION","","Biergarten am See","","","","-9.500000","","","EUR","","","","Biergarten am See","6a0a55a4-fdd7-48be-b814-7aa74880621f","","","","5812"
"2025-08-01T09:22:44.162945Z","2025-08-01","DEFAULT","CASH","CARD_TRANSACTION","","ALDI SUeD","","","","-6.300000","","","EUR","","","","ALDI SUeD","04f3817b-3002-44c0-a79b-8ef71019f461","","","","5411"
"2025-08-01T10:30:20.908691Z","2025-08-01","DEFAULT","CASH","INTEREST_PAYMENT","","","","","","17.550000","","-3.33","EUR","","","","Interest payment for payout collection 01986317-9a6f-71f3-9d3b-28989e909c4a","0ee89308-bdb2-4174-916c-d4e7438fe26b","","","",""
"2025-08-02T14:28:22.239183Z","2025-08-02","DEFAULT","CASH","CARD_TRANSACTION","","PARKSTER GER","","","","-2.000000","","","EUR","","","","PARKSTER GER","dacdcdaf-8638-4ce4-8a77-3f52b21a96b7","","","","7523"
"2025-08-02T12:43:36.142754Z","2025-08-02","DEFAULT","CASH","CARD_TRANSACTION","","AMERON NEUSCHWANSTEIN","","","","-7.900000","","","EUR","","","","AMERON NEUSCHWANSTEIN","ded7c13b-3687-4c2b-b394-e8a09888142e","","","","7011"
"2025-08-02T13:05:35.298975Z","2025-08-02","DEFAULT","CASH","CARD_TRANSACTION","","EDEKA SCHMIDT","","","","-14.520000","","","EUR","","","","EDEKA SCHMIDT","1fa7a799-e9e2-4246-870f-87428130d7b0","","","","5411"
"2025-08-02T11:35:03.474028Z","2025-08-02","DEFAULT","CASH","CARD_TRANSACTION","","SCHLOSS- UND GARTENVER","","","","-26.000000","","","EUR","","","","SCHLOSS- UND GARTENVER","862e38ad-5e12-48e7-9ce1-7f2db481e013","","","","7991"
"2025-08-02T13:05:35.104749Z","2025-08-02","DEFAULT","CASH","CARD_TRANSACTION","","ALPSEEPARKPLATZ","","","","-12.000000","","","EUR","","","","ALPSEEPARKPLATZ","025b48ea-f7a1-4630-b395-b0357a94329f","","","","7523"
"2025-08-03T07:38:28.541086Z","2025-08-03","DEFAULT","CASH","CARD_TRANSACTION","","Haus Alpenrose","","","","-116.300000","","","EUR","","","","Haus Alpenrose","a9dac949-2b6e-4cea-839e-9c12cf62f354","","","","7011"
"2025-08-03T08:11:24.510032Z","2025-08-03","DEFAULT","CASH","CARD_TRANSACTION","","Baeckerei Staib","","","","-5.450000","","","EUR","","","","Baeckerei Staib","85493145-b9c3-4926-92ad-9a6e0c0cc54d","","","","5462"
"2025-08-03T12:54:15.844133Z","2025-08-03","DEFAULT","CASH","CARD_TRANSACTION","","BAR D.O.C.","","","","-6.300000","","","EUR","","","","BAR D.O.C.","68daf25b-a7ca-4a23-b0b4-7a265a17dd1d","","","","5812"
"2025-08-03T13:33:08.287845Z","2025-08-03","DEFAULT","CASH","CARD_TRANSACTION","","EDEKA TRABOLD","","","","-11.960000","","","EUR","","","","EDEKA TRABOLD","19070b47-d74e-4e00-b173-37771f9db3e7","","","","5411"
"2025-08-03T14:22:48.316593Z","2025-08-03","DEFAULT","CASH","CARD_TRANSACTION","","EasyPark Espana S.L.U.","","","","-5.290000","","","EUR","","","","EasyPark Espana S.L.U.","c1e47975-a9e9-4480-b863-cbbe57d624e1","","","","7523"
"2025-08-04T06:37:33.590Z","2025-08-04","DEFAULT","TRADING","BUY","CRYPTO","Bitcoin","BTC","0.0001470000","101780.090000","-14.96","","-2.84","EUR","","","","Savings plan execution XF000BTC0017 Bitcoin, quantity: 0.000147","f6226107-e51f-40cc-891d-965739a7a559","","","",""
"2025-08-04T06:38:57.488Z","2025-08-04","DEFAULT","TRADING","BUY","CRYPTO","Bitcoin","BTC","0.0004910000","101786.670000","-49.98","","","EUR","","","","Savings plan execution XF000BTC0017 Bitcoin, quantity: 0.000491","0be39d0a-2814-496e-aad7-54b9eefae88f","","","",""
"2025-08-04T06:39:29.023658Z","2025-08-04","DEFAULT","CASH","BENEFITS_SAVEBACK","CRYPTO","Bitcoin","BTC","","","14.960000","","","EUR","","","","Your Saveback payment","8c15bf48-e9e1-45e0-a1c1-9971f8f71173","","","",""
"2025-08-04T07:30:19.250615Z","2025-08-04","DEFAULT","CASH","CARD_TRANSACTION","","Buonissimo Nurnberg","","","","-5.800000","","","EUR","","","","Buonissimo Nurnberg","be67ed0e-3d72-4fc1-89f6-5b4e167dbc94","","","","5814"
"2025-08-04T10:29:07.529Z","2025-08-04","DEFAULT","TRADING","BUY","FUND","Physical Swiss Gold USD ","JE00B588CD74","0.1234530000","278.000000","-34.32","","","EUR","","","","Savings plan execution JE00B588CD74 WisdomTree Physical Swiss Gold, quantity: 0.123453","d8279344-1373-4159-9853-6d5fcb61c5ea","","","",""
"2025-08-04T18:02:47.228645Z","2025-08-04","DEFAULT","CASH","TRANSFER_INSTANT_OUTBOUND","","","","","","-1000.000000","","","EUR","","","","Outgoing transfer for Javi Myinvestor ","d4a6da75-6c55-47b3-9757-2aabfb43ab18","","","",""
"2025-08-04T11:33:18.750014Z","2025-08-04","DEFAULT","CASH","TRANSFER_INSTANT_INBOUND","","","","","","1000.000000","","","EUR","","","","Incoming transfer from JAVIER RODRIGUEZ SERRANO","36e2eff3-8a5f-458c-81f0-5cdd1309b0e4","","","",""
"2025-08-04T07:30:19.188994Z","2025-08-04","DEFAULT","CASH","CARD_TRANSACTION","","Buonissimo Nurnberg","","","","-4.450000","","","EUR","","","","Buonissimo Nurnberg","9e18cc9d-078e-430b-8325-419c012d07d5","","","","5814"
"2025-08-04T06:42:58.528687Z","2025-08-04","DEFAULT","CASH","CARD_TRANSACTION","","Aral Station 220062186","","","","-44.620000","","","EUR","","","","Aral Station 220062186","a2f80056-3348-4232-9309-b33d567b0015","","","","5541"
"2025-08-04T10:25:32.415181Z","2025-08-04","DEFAULT","CASH","CARD_TRANSACTION","","ALSTADTHOF","","","","-17.200000","","","EUR","","","","ALSTADTHOF","a258855f-2748-49b3-9573-8defec9479cd","","","","5812"
"2025-08-04T10:35:46.013475Z","2025-08-04","DEFAULT","CASH","CARD_TRANSACTION","","HUETTN","","","","-36.500000","","","EUR","","","","HUETTN","a9f4723d-a25b-4476-ab62-078486073fd2","","","","5812"
"2025-08-04T07:00:19.447193Z","2025-08-04","DEFAULT","CASH","TRANSFER_INBOUND","","","","","","2000.000000","","","EUR","","","","Incoming transfer from JAVIER RODRIGUEZ SERRANO","437a5f4e-dc24-47cc-bbc7-863abef11f0e","","","",""
"2025-08-05T07:36:33.350884Z","2025-08-05","DEFAULT","CASH","CARD_TRANSACTION","","Airportbus Munich","","","","-41.000000","","","EUR","","","","Airportbus Munich","ab62a707-8650-4830-9a14-b582783909be","","","","4722"
"2025-08-05T09:30:02.741624Z","2025-08-05","DEFAULT","CASH","CARD_TRANSACTION","","DM Drogerie Markt","","","","-2.450000","","","EUR","","","","DM Drogerie Markt","b0ab6817-fb98-4a21-a686-9199156fff8e","","","","5912"
"2025-08-05T10:23:33.983732Z","2025-08-05","DEFAULT","CASH","CARD_TRANSACTION","","Sportalm SB","","","","-4.300000","","","EUR","","","","Sportalm SB","646889d3-487a-4fdc-bbf5-d7c448f58e03","","","","5812"
"2025-08-05T09:16:08.307464Z","2025-08-05","DEFAULT","CASH","CARD_TRANSACTION","","Lidl sagt Danke","","","","-7.920000","","","EUR","","","","Lidl sagt Danke","2d0f2699-a5b6-47f4-a959-a6abe335f398","","","","5411"
"2025-08-05T12:31:42.407454Z","2025-08-05","DEFAULT","CASH","CARD_TRANSACTION","","EDEKA IM TERMINAL 2","","","","-6.680000","","","EUR","","","","EDEKA IM TERMINAL 2","897b3776-0b0a-404c-a49b-0f69a181776b","","","","5411"
"2025-08-05T07:58:50.796699Z","2025-08-05","DEFAULT","CASH","CARD_TRANSACTION","","Tiefgarage Findelgasse","","","","-18.000000","","","EUR","","","","Tiefgarage Findelgasse","5e6a6c2f-53cb-439c-be86-b20a81225b72","","","","7523"
"2025-08-05T07:42:28.274238Z","2025-08-05","DEFAULT","CASH","CARD_TRANSACTION","","Linon Medien KG","","","","-10.000000","","","EUR","","","","Linon Medien KG","45dc21f5-f32f-4853-98e2-aafac77ce1a3","","","","5815"
"2025-08-06T12:43:33.113925Z","2025-08-06","DEFAULT","CASH","CARD_TRANSACTION","","EDEKA VAN DUNGEN","","","","-15.160000","","","EUR","","","","EDEKA VAN DUNGEN","06a9f00a-5b0d-4780-ac56-597ed0551708","","","","5411"
"2025-08-06T12:43:33.299447Z","2025-08-06","DEFAULT","CASH","CARD_TRANSACTION","","EDEKA VAN DUNGEN","","","","-2.700000","","","EUR","","","","EDEKA VAN DUNGEN","616b8dc9-aa88-4fc2-b0bc-bff8f9b0712b","","","","5411"
"2025-08-06T10:34:17.311639Z","2025-08-06","DEFAULT","CASH","CARD_TRANSACTION","","Agip Service-Station","","","","-27.160000","","","EUR","","","","Agip Service-Station","398b2462-d5bd-43ae-9006-b93c2b55dd29","","","","5541"
"2025-08-06T10:41:10.196795Z","2025-08-06","DEFAULT","CASH","CARD_TRANSACTION","","Augustiner Am Platzl","","","","-46.000000","","","EUR","","","","Augustiner Am Platzl","0d8816a8-39db-4b2f-8d03-485852617fd5","","","","5812"
"2025-08-07T07:10:50.196459Z","2025-08-07","DEFAULT","CASH","CARD_TRANSACTION","","AMZN Mktp ES*RV6RF9IW4","","","","-2.310000","","","EUR","","","","AMZN Mktp ES*RV6RF9IW4","efee9f2f-b5da-4c6e-959e-97e865802224","","","","5999"
"2025-08-07T13:43:48.140241Z","2025-08-07","DEFAULT","CASH","CARD_TRANSACTION","","NETFLIX.COM","","","","-6.990000","","","EUR","","","","NETFLIX.COM","f8f7faed-64d1-49c7-ad17-c7eaaee3b38b","","","","4899"
"2025-08-07T09:56:14.945598Z","2025-08-07","DEFAULT","CASH","CARD_TRANSACTION","","Transitbar D","","","","-1.950000","","","EUR","","","","Transitbar D","14341e7b-1c10-4d11-92c6-903d362730d8","","","","5812"
"2025-08-07T13:24:08.657785Z","2025-08-07","DEFAULT","CASH","CARD_TRANSACTION","","SUSHISOM","","","","-108.150000","","","EUR","","","","SUSHISOM","2926084b-d8e3-4605-bf93-3d4d252f154a","","","","5812"
"2025-08-10T08:55:18.405283Z","2025-08-10","DEFAULT","CASH","CARD_TRANSACTION","","MEDIACASA","","","","-6.700000","","","EUR","","","","MEDIACASA","6a0cdd1e-765f-4f7a-a67d-ce45acbda5b0","","","","5651"
"2025-08-10T06:27:27.544925Z","2025-08-10","DEFAULT","CASH","CARD_TRANSACTION","","GRANJA DE TOSSA","","","","-11.950000","","","EUR","","","","GRANJA DE TOSSA","33c856de-e2d7-4c25-821e-7a1cd41e383d","","","","5813"
"2025-08-11T07:42:24.360987Z","2025-08-11","DEFAULT","CASH","CARD_TRANSACTION","","ESCLATOIL 4082T TOSSA DE","","","","-6.170000","","","EUR","","","","ESCLATOIL 4082T TOSSA DE","2ba7498b-f98f-40cb-b446-656023cc8d80","","","","5542"
"2025-08-11T09:57:48.091Z","2025-08-11","DEFAULT","TRADING","BUY","FUND","Physical Swiss Gold USD ","JE00B588CD74","0.0383410000","275.940000","-10.58","","","EUR","","","","Savings plan execution JE00B588CD74 WisdomTree Physical Swiss Gold, quantity: 0.038341","61915513-df17-4e05-b153-5f4437ccd45d","","","",""
"2025-08-12T11:18:03.191382Z","2025-08-12","DEFAULT","CASH","CARD_TRANSACTION","","PIZZERIA ANNA","","","","-53.400000","","","EUR","","","","PIZZERIA ANNA","1eafe37b-44c8-4b4b-bb2d-bbb9ed3215f2","","","","5812"
"2025-08-13T09:18:15.726626Z","2025-08-13","DEFAULT","CASH","CARD_TRANSACTION","","AMAZON* RM0O06454","","","","-8.990000","","","EUR","","","","AMAZON* RM0O06454","45b64794-dc38-4577-9f3d-4e7d81edf22a","","","","5999"
"2025-08-13T12:28:03.579180Z","2025-08-13","DEFAULT","CASH","CARD_TRANSACTION","","HIPERMERCAT ESCLAT H82T","","","","-29.180000","","","EUR","","","","HIPERMERCAT ESCLAT H82T","4ea6c828-e396-42f9-a535-feb7bc720d58","","","","5411"
"2025-08-13T12:28:59.365820Z","2025-08-13","DEFAULT","CASH","CARD_TRANSACTION","","ESCLATOIL 4082T TOSSA DE","","","","-40.920000","","","EUR","","","","ESCLATOIL 4082T TOSSA DE","564561d5-bbe9-47e7-a6fe-f7d11b0c35d9","","","","5542"
"2025-08-14T12:44:28.615316Z","2025-08-14","DEFAULT","CASH","INTEREST_PAYMENT","BOND","Aug. 2029","XS2800678224","","","64.010000","","-12.16","EUR","","","","Interest Payment for ISIN XS2800678224","913851f7-2e76-4c24-a770-272b5a6cb272","","","",""
"2025-08-17T09:20:16.383681Z","2025-08-17","DEFAULT","CASH","CARD_TRANSACTION","","UBER   *EATS","","","","-23.890000","","","EUR","","","","UBER   *EATS","bb05706a-6f3a-4ca3-889f-b0899d92f777","","","","5812"
"2025-08-17T08:33:40.018821Z","2025-08-17","DEFAULT","CASH","CARD_TRANSACTION","","MERCADONA PRAT DE LA RIBA","","","","-29.250000","","","EUR","","","","MERCADONA PRAT DE LA RIBA","615dc86b-9c3d-4a18-aa7a-04eb55a62c08","","","","5411"
"2025-08-17T08:36:29.125758Z","2025-08-17","DEFAULT","CASH","CARD_TRANSACTION","","EL DRAGON HOSPITALET S.L.","","","","-1.250000","","","EUR","","","","EL DRAGON HOSPITALET S.L.","b8d12fba-bf65-4dcb-b065-4e226249cc34","","","","5947"
"2025-08-17T09:20:01.472387Z","2025-08-17","DEFAULT","CASH","CARD_TRANSACTION","","SumUp  *Coffe Nass","","","","-5.500000","","","EUR","","","","SumUp  *Coffe Nass","2d234674-2402-435a-8103-c1b455408888","","","","5812"
"2025-08-18T12:36:56.608Z","2025-08-18","DEFAULT","TRADING","BUY","FUND","Physical Swiss Gold USD ","JE00B588CD74","0.0245370000","274.680000","-6.74","","","EUR","","","","Savings plan execution JE00B588CD74 WisdomTree Physical Swiss Gold, quantity: 0.024537","f8c85411-fd0d-400e-9c90-5a313cb8a205","","","",""
"2025-08-18T14:02:23.006Z","2025-08-18","DEFAULT","TRADING","BUY","STOCK","Apple","US0378331005","0.0506000000","199.060000","-10.07","","","EUR","","","","Buy trade US0378331005 APPLE INC., quantity: 0.0506","b3777405-6585-4bfc-88e1-d381decc01e9","","","",""
"2025-08-18T14:02:24.808432Z","2025-08-18","DEFAULT","CASH","STOCKPERK","STOCK","Apple","US0378331005","","","10.070000","","","EUR","","","","Stockperk","4c48db94-aca3-4aeb-a92f-18c22b47100e","","","",""
"2025-08-18T06:12:19.929173Z","2025-08-18","DEFAULT","CASH","CARD_TRANSACTION","","DOLCE VITA","","","","-4.000000","","","EUR","","","","DOLCE VITA","71cb4660-2bdf-4938-bb0a-460e451eecde","","","","5814"
"2025-08-18T07:38:17.242828Z","2025-08-18","DEFAULT","CASH","CARD_TRANSACTION","","EL PA DEL BARRI II","","","","-4.300000","","","EUR","","","","EL PA DEL BARRI II","38330b2c-bbff-46fb-9086-9b8f9f814781","","","","5411"
"2025-08-20T12:07:34.138587Z","2025-08-20","DEFAULT","CASH","CARD_TRANSACTION","","B.P. POREC","","","","-56.890000","","","EUR","","","","B.P. POREC","950bf8f5-16ab-43ac-8229-d42b79ede6a3","","","","5541"
"2025-08-20T06:48:21.243933Z","2025-08-20","DEFAULT","CASH","CARD_TRANSACTION","","ECCOSKABVRTOVI16","","","","-4.500000","","","EUR","","","","ECCOSKABVRTOVI16","2574fba6-b4db-426e-b234-ed5d839e6f2f","","","","7523"
"2025-08-20T12:06:17.618885Z","2025-08-20","DEFAULT","CASH","CARD_TRANSACTION","","NP BADERNA SJEVER","","","","-4.400000","","","EUR","","","","NP BADERNA SJEVER","77603bcb-c561-46c8-a8ac-6251a5a75f03","","","","4784"
"2025-08-21T12:04:15.188841Z","2025-08-21","DEFAULT","CASH","CARD_TRANSACTION","","PARCHEGGIO VIA GIOIA","","","","-6.000000","","","EUR","","","","PARCHEGGIO VIA GIOIA","dc0b1791-56f8-4f2a-ad69-0af2e747d723","","","","7523"
"2025-08-21T06:57:59.264212Z","2025-08-21","DEFAULT","CASH","CARD_TRANSACTION","","PORTAL PULA PARKING","","","","-1.200000","","","EUR","","","","PORTAL PULA PARKING","0a0895a7-53f2-4da1-ada9-2a36cbe1a9a8","","","","7523"
"2025-08-22T06:52:08.610727Z","2025-08-22","DEFAULT","CASH","CARD_TRANSACTION","","PORTAL USLUGA POREC","","","","-1.000000","","","EUR","","","","PORTAL USLUGA POREC","60031720-8856-4f1e-80fe-e88601f704a2","","","","7523"
"2025-08-22T12:13:09.941746Z","2025-08-22","DEFAULT","CASH","CARD_TRANSACTION","","IPER TORRI EUROPA","","","","-6.080000","","","EUR","","","","IPER TORRI EUROPA","13234b26-725c-4906-92fe-037b3abc82a7","","","","5411"
"2025-08-22T12:13:40.880234Z","2025-08-22","DEFAULT","CASH","CARD_TRANSACTION","","PARCHEGGIO VIA GIOIA","","","","-8.000000","","","EUR","","","","PARCHEGGIO VIA GIOIA","b07c6571-02f4-46f3-b723-d1f90d42dee4","","","","7523"
"2025-08-23T14:33:23.199538Z","2025-08-23","DEFAULT","CASH","CARD_TRANSACTION","","PIE SHOP","","","","-5.500000","","","EUR","","","","PIE SHOP","208398e3-362d-418f-b824-1250f1aed6dd","","","","5462"
"2025-08-23T12:24:48.166730Z","2025-08-23","DEFAULT","CASH","CARD_TRANSACTION","","PAM","","","","-44.940000","","","EUR","","","","PAM","235e8935-4bc4-4447-b660-4f3194123914","","","","5411"
"2025-08-23T13:16:14.934082Z","2025-08-23","DEFAULT","CASH","CARD_TRANSACTION","","LANGOS ATELIER D O O","","","","-8.000000","","","EUR","","","","LANGOS ATELIER D O O","320772b0-f2a7-421f-9bab-140882460b82","","","","5814"
"2025-08-23T06:56:53.339311Z","2025-08-23","DEFAULT","CASH","CARD_TRANSACTION","","PE CAFE CAPRI","","","","-83.600000","","","EUR","","","","PE CAFE CAPRI","fc1f3b2f-91b4-4647-9715-4f60e04a9f4e","","","","5812"
"2025-08-24T14:10:45.267693Z","2025-08-24","DEFAULT","CASH","CARD_TRANSACTION","","R057 BRICCOCAFE'","","","","-11.800000","","","EUR","","","","R057 BRICCOCAFE'","a4b92a7e-e01a-4f95-b58d-99359c92b5f4","","","","5309"
"2025-08-24T14:28:43.964697Z","2025-08-24","DEFAULT","CASH","CARD_TRANSACTION","","CONAD CITY","","","","-9.350000","","","EUR","","","","CONAD CITY","7e38271d-8d19-48b6-b5b5-d3c8f2bf31e0","","","","5411"
"2025-08-25T07:56:29.204620Z","2025-08-25","DEFAULT","CASH","CARD_TRANSACTION","","TPL FVG/MY CICERO","","","","-3.000000","","","EUR","","","","TPL FVG/MY CICERO","d53fc46d-ef55-4f89-8ffb-9483d9c24533","","","","4131"
"2025-08-25T07:35:21.829293Z","2025-08-25","DEFAULT","CASH","CARD_TRANSACTION","","CONDIS EXPRESS","","","","-7.220000","","","EUR","","","","CONDIS EXPRESS","cac96ae9-c5b0-4322-b7d2-21b7246614f9","","","","5411"
"2025-08-25T07:38:59.097654Z","2025-08-25","DEFAULT","CASH","CARD_TRANSACTION","","PANADERIA SANT JOSEP","","","","-6.000000","","","EUR","","","","PANADERIA SANT JOSEP","91706ccf-f914-4ebd-a5ae-1d9834e9fa87","","","","5813"
"2025-08-25T08:04:15.999338Z","2025-08-25","DEFAULT","CASH","CARD_TRANSACTION","","Moco Museum","","","","-19.950000","","","EUR","","","","Moco Museum","ef41be97-2bb7-4ee1-be31-f0fd37364554","","","","7991"
"2025-08-25T06:16:57.475224Z","2025-08-25","DEFAULT","CASH","CARD_TRANSACTION","","Temu.com","","","","-21.150000","","","EUR","","","","Temu.com","b10b395a-0810-464e-8927-f5c6a4a9de7c","","","","5399"
"2025-08-25T09:57:50.146Z","2025-08-25","DEFAULT","TRADING","BUY","FUND","Physical Swiss Gold USD ","JE00B588CD74","0.0432350000","275.700000","-11.92","","","EUR","","","","Savings plan execution JE00B588CD74 WisdomTree Physical Swiss Gold, quantity: 0.043235","c8e8a81d-a6ff-4582-a8d5-7b69a529554b","","","",""
"2025-08-26T12:41:17.625146Z","2025-08-26","DEFAULT","CASH","CARD_TRANSACTION","","BURRITOS FERRAN","","","","-25.300000","","","EUR","","","","BURRITOS FERRAN","069558d3-6438-4ec7-a313-b599d3c2f3de","","","","5814"
"2025-08-28T09:11:13.116004Z","2025-08-28","DEFAULT","CASH","INTEREST_PAYMENT","BOND","Aug. 2026","DE000A30WFV1","","","107.640000","","-20.45","EUR","","","","Interest Payment for ISIN DE000A30WFV1","899ae539-bebc-4eb4-8841-8b8bf66cf6dc","","","",""
"2025-08-29T12:16:38.678233Z","2025-08-29","DEFAULT","CASH","CARD_TRANSACTION","","LIDL PAY","","","","-34.670000","","","EUR","","","","LIDL PAY","ece38a9f-e490-4b04-b22e-14c2e5e8024c","","","","5411"
"2025-08-31T14:04:15.009643Z","2025-08-31","DEFAULT","CASH","CARD_TRANSACTION","","PRIMARK BARCA- CORNELLA","","","","-18.000000","","","EUR","","","","PRIMARK BARCA- CORNELLA","db0bf5df-ef39-4147-9c70-b56c6334a542","","","","5651"
"2025-08-31T12:43:54.582638Z","2025-08-31","DEFAULT","CASH","CARD_TRANSACTION","","LOBO DE MAR","","","","-136.100000","","","EUR","","","","LOBO DE MAR","bc990e2b-710a-40de-84e0-605cbf5fa241","","","","5813"
"2025-08-31T12:38:45.365883Z","2025-08-31","DEFAULT","CASH","CARD_TRANSACTION","","PRAT ESPAIS, SLU","","","","-1.730000","","","EUR","","","","PRAT ESPAIS, SLU","62dc93ce-cf30-40ce-ae42-c81389a45649","","","","7523"
"2025-08-31T08:30:26.753021Z","2025-08-31","DEFAULT","CASH","CARD_TRANSACTION","","MERCADONA PRAT DE LA RIBA","","","","-22.030000","","","EUR","","","","MERCADONA PRAT DE LA RIBA","16bc07f1-e829-4f9c-b02a-b468a9976415","","","","5411"
"2025-08-31T08:31:48.534669Z","2025-08-31","DEFAULT","CASH","CARD_TRANSACTION","","GAS OILS ROVIRA - RENTADO","","","","-2.000000","","","EUR","","","","GAS OILS ROVIRA - RENTADO","a8df1502-6c77-4258-8096-1ac3f920803d","","","","7542"
"2025-08-31T08:32:18.697908Z","2025-08-31","DEFAULT","CASH","CARD_TRANSACTION","","GAS OILS ROVIRA - RENTADO","","","","-1.000000","","","EUR","","","","GAS OILS ROVIRA - RENTADO","4572a709-7658-419c-9f81-cedbded51c83","","","","7542"
"2025-08-31T08:33:14.494217Z","2025-08-31","DEFAULT","CASH","CARD_TRANSACTION","","GAS OILS ROVIRA - RENTADO","","","","-2.000000","","","EUR","","","","GAS OILS ROVIRA - RENTADO","4e5f10c9-236a-4e2f-8594-98faa48cb1ed","","","","7542"
"2025-09-01T01:02:44.237321Z","2025-09-01","DEFAULT","CASH","INTEREST_PAYMENT","","","","","","16.500000","","-3.14","EUR","","","","Interest payment for payout collection 019902b6-f3cf-7d53-ac70-ce582da1f3bf","7aed2129-4425-4073-8cde-538eea452b20","","","",""
"2025-09-01T11:03:55.019859Z","2025-09-01","DEFAULT","CASH","CARD_TRANSACTION","","REDPIZZA","","","","-11.000000","","","EUR","","","","REDPIZZA","a900118d-b43d-4e83-91d1-a3a988704deb","","","","5814"
"2025-09-02T06:40:07.791Z","2025-09-02","DEFAULT","TRADING","BUY","CRYPTO","Bitcoin","BTC","0.0001410000","97354.630000","-13.73","","-2.61","EUR","","","","Savings plan execution XF000BTC0017 Bitcoin, quantity: 0.000141","5a2e6d9b-c422-4544-ab22-b73650ca121b","","","",""
"2025-09-02T06:40:08.795Z","2025-09-02","DEFAULT","TRADING","BUY","CRYPTO","Bitcoin","BTC","0.0005130000","97354.630000","-49.94","","","EUR","","","","Savings plan execution XF000BTC0017 Bitcoin, quantity: 0.000513","5c3e4908-31c9-4490-8515-065d554055fc","","","",""
"2025-09-02T06:44:52.252823Z","2025-09-02","DEFAULT","CASH","BENEFITS_SAVEBACK","CRYPTO","Bitcoin","BTC","","","13.730000","","","EUR","","","","Your Saveback payment","fed6df6a-b434-436e-a44a-5dc2e67e07a0","","","",""
"2025-09-02T09:59:26.433Z","2025-09-02","DEFAULT","TRADING","BUY","FUND","Physical Swiss Gold USD ","JE00B588CD74","0.0295370000","286.080000","-8.45","","","EUR","","","","Savings plan execution JE00B588CD74 WisdomTree Physical Swiss Gold, quantity: 0.029537","ed496ee3-efc5-4f7c-b89a-5d7227a2f86e","","","",""
"2025-09-02T12:47:17.595167Z","2025-09-02","DEFAULT","CASH","CARD_TRANSACTION","","LIDL PAY","","","","-12.650000","","","EUR","","","","LIDL PAY","fdde66b0-c5f2-4215-a17b-84e65d12c470","","","","5411"
"2025-09-03T12:26:05.682783Z","2025-09-03","DEFAULT","CASH","CARD_TRANSACTION","","FARMACIA RAQUEL MORENO MU","","","","-10.850000","","","EUR","","","","FARMACIA RAQUEL MORENO MU","c8133695-368d-4631-8259-473f2dbadd1f","","","","5912"
"2025-09-03T09:20:19.030288Z","2025-09-03","DEFAULT","CASH","CARD_TRANSACTION","","BKG*HOTEL AT BOOKING.C","","","","-61.370000","","","EUR","","","","BKG*HOTEL AT BOOKING.C","83066459-0841-4ddf-8f58-db46cd6f58d5","","","","4722"
"2025-09-03T08:30:43.751981Z","2025-09-03","DEFAULT","CASH","CARD_TRANSACTION","","AIRBNB * HM4A9ZNAT5","","","","-55.150000","","","EUR","","","","AIRBNB * HM4A9ZNAT5","01f297ca-76c7-4dd4-8f79-96f2e9a83854","","","","4722"
"2025-09-03T08:21:30.623345Z","2025-09-03","DEFAULT","CASH","CARD_TRANSACTION","","ACCOR* IBIS BUDGET ALB","","","","-47.730000","","","EUR","","","","ACCOR* IBIS BUDGET ALB","524a17f1-0516-4c91-bc1f-105afc9fee35","","","","7011"
"2025-09-04T12:17:33.639103Z","2025-09-04","DEFAULT","CASH","CARD_TRANSACTION","","LIDL PAY","","","","-8.110000","","","EUR","","","","LIDL PAY","2eab6881-f66a-4b01-82aa-fdc45ebe5267","","","","5411"
"2025-09-04T11:25:42.427598Z","2025-09-04","DEFAULT","CASH","TRANSFER_INSTANT_INBOUND","","","","","","2600.000000","","","EUR","","","","Incoming transfer from JAVIER RODRIGUEZ SERRANO","77be35d8-f88a-4311-b71c-d68cb715cb9b","","","",""
"2025-09-05T11:49:36.348583Z","2025-09-05","DEFAULT","CASH","CARD_TRANSACTION","","LIDL PAY","","","","-3.300000","","","EUR","","","","LIDL PAY","c9ac2390-4c7b-4b0a-ab53-d7051e373da8","","","","5411"
"2025-09-05T12:06:18.409573Z","2025-09-05","DEFAULT","CASH","CARD_TRANSACTION","","JARDI GAVA S A","","","","-3.990000","","","EUR","","","","JARDI GAVA S A","85bd5d58-dcee-4abb-aab1-9a45d2b12454","","","","5261"
"2025-09-06T07:18:13.979236Z","2025-09-06","DEFAULT","CASH","CARD_TRANSACTION","","PANADERIA SANT JOSEP","","","","-1.650000","","","EUR","","","","PANADERIA SANT JOSEP","aa058848-777d-458b-91e1-fd9079006602","","","","5813"
"2025-09-06T07:18:55.156286Z","2025-09-06","DEFAULT","CASH","CARD_TRANSACTION","","FARMACIA RAQUEL MORENO MU","","","","-14.900000","","","EUR","","","","FARMACIA RAQUEL MORENO MU","964b7a4a-e462-4cfc-8878-ae58d6611d0f","","","","5912"
"2025-09-07T12:54:26.907755Z","2025-09-07","DEFAULT","CASH","CARD_TRANSACTION","","NETFLIX.COM","","","","-6.990000","","","EUR","","","","NETFLIX.COM","94f56a36-af7a-4f8f-9993-1fd40306c830","","","","4899"
"2025-09-07T08:24:58.176073Z","2025-09-07","DEFAULT","CASH","CARD_TRANSACTION","","HIPERMERCAT ESCLAT H82T","","","","-26.500000","","","EUR","","","","HIPERMERCAT ESCLAT H82T","b66d692f-148c-4739-8cfa-898d402419fe","","","","5411"
"2025-09-07T12:44:03.215946Z","2025-09-07","DEFAULT","CASH","CARD_TRANSACTION","","ESCLATOIL 4082T TOSSA DE","","","","-5.190000","","","EUR","","","","ESCLATOIL 4082T TOSSA DE","a0337400-fb0d-4422-80cf-56a4382acc48","","","","5542"
"2025-09-08T06:17:32.909037Z","2025-09-08","DEFAULT","CASH","CARD_TRANSACTION","","Temu.com","","","","-33.730000","","","EUR","","","","Temu.com","fb993630-048b-4897-b420-ea93297ef180","","","","5399"
"2025-09-08T07:29:10.426799Z","2025-09-08","DEFAULT","CASH","CARD_TRANSACTION","","BON AREA","","","","-12.980000","","","EUR","","","","BON AREA","e211a2ea-86fa-4b53-9b50-587ff6f87d6f","","","","5411"
"2025-09-08T09:09:40.730205Z","2025-09-08","DEFAULT","CASH","CARD_TRANSACTION","","E1351 POS HOSPITALET","","","","-38.790000","","","EUR","","","","E1351 POS HOSPITALET","714eb7a5-fc0e-4573-a290-3ef73ebe6ef3","","","","5542"
"2025-09-09T06:08:48.545369Z","2025-09-09","DEFAULT","CASH","CARD_TRANSACTION","","","","","","15.950000","","","EUR","","","","Temu.com","b6166292-3167-49e1-b381-5465f9eb3b15","","","",""
"2025-09-09T10:02:53.737Z","2025-09-09","DEFAULT","TRADING","BUY","FUND","Physical Swiss Gold USD ","JE00B588CD74","0.0256660000","297.2800000000","-7.63","","","EUR","","","","Savings plan execution JE00B588CD74 WisdomTree Physical Swiss Gold, quantity: 0.025666","3f3151b2-2cbc-4b0d-b95a-c81017f9427a","","","",""
"2025-09-09T12:04:29.644612Z","2025-09-09","DEFAULT","CASH","CARD_TRANSACTION","","LIDL PAY","","","","-66.200000","","","EUR","","","","LIDL PAY","dd9ecdd8-c66d-45c0-a364-3cefc1bdb8bc","","","","5411"
"2025-09-09T09:02:15.495951Z","2025-09-09","DEFAULT","CASH","CARD_TRANSACTION","","RYANAIR     CRJGSP0","","","","-531.280000","","","EUR","","","","RYANAIR     CRJGSP0","a37bf766-726d-4392-bfcc-b978ff782204","","","","3246"
"2025-09-09T09:02:15.315172Z","2025-09-09","DEFAULT","CASH","CARD_TRANSACTION","","RYANAIR     BSK1JZ0","","","","-712.850000","","","EUR","","","","RYANAIR     BSK1JZ0","8252a8e4-3721-4c5e-b6f6-b93572afeee7","","","","3246"
"2025-09-10T11:46:15.864289Z","2025-09-10","DEFAULT","CASH","CARD_TRANSACTION","","MERCADONA PRAT DE LA RIBA","","","","-7.910000","","","EUR","","","","MERCADONA PRAT DE LA RIBA","f40515ce-d4ed-43a7-9013-a912b3b7c096","","","","5411"
"2025-09-10T11:49:57.272778Z","2025-09-10","DEFAULT","CASH","CARD_TRANSACTION","","LIDL PAY","","","","-6.710000","","","EUR","","","","LIDL PAY","98c210cc-b051-4923-b4d7-cfd2aebd5b97","","","","5411"
"2025-09-12T10:40:29.015187Z","2025-09-12","DEFAULT","CASH","CARD_TRANSACTION","","CARTILOU","","","","-20.700000","","","EUR","","","","CARTILOU","e1584dd3-7206-48a2-a25b-0a6891167959","","","","5331"
"2025-09-12T10:51:49.191062Z","2025-09-12","DEFAULT","CASH","CARD_TRANSACTION","","BELCASTEL PARK  2335267","","","","-3.000000","","","EUR","","","","BELCASTEL PARK  2335267","ba20a724-5e12-45e6-a5ab-81df5d30bf64","","","","7523"
"2025-09-12T10:52:05.401841Z","2025-09-12","DEFAULT","CASH","CARD_TRANSACTION","","STATIONNEMENT   2335575","","","","-6.000000","","","EUR","","","","STATIONNEMENT   2335575","72cf1733-92b2-4f82-84c1-551f2860a024","","","","7523"
"2025-09-12T09:22:13.491619Z","2025-09-12","DEFAULT","CASH","CARD_TRANSACTION","","CEVM NFC        4261558","","","","-13.700000","","","EUR","","","","CEVM NFC        4261558","42787ed5-50ca-46c1-a48d-062207a220a5","","","","4784"
"2025-09-13T08:38:30.087964Z","2025-09-13","DEFAULT","CASH","CARD_TRANSACTION","","SUMUP  *LE PONT DE LIVINH","","","","-58.020000","","","EUR","","","","SUMUP  *LE PONT DE LIVINH","eccd893a-f823-4d09-ab6d-502e260bceab","","","","7991"
"2025-09-13T11:23:13.450500Z","2025-09-13","DEFAULT","CASH","CARD_TRANSACTION","","STATIONNEMENT   2734314","","","","-0.800000","","","EUR","","","","STATIONNEMENT   2734314","d8aa7ad5-f0fa-4ec8-a250-a9b1db2d1897","","","","9405"
"2025-09-13T07:01:34.482775Z","2025-09-13","DEFAULT","CASH","CARD_TRANSACTION","","Pierre et Colett","","","","-4.900000","","","EUR","","","","Pierre et Colett","237919a7-58ff-4b7c-9b8d-ee65174b9cb4","","","","5812"
"2025-09-13T13:06:26.761758Z","2025-09-13","DEFAULT","CASH","CARD_TRANSACTION","","MAGASIN DU PELER","","","","-2.000000","","","EUR","","","","MAGASIN DU PELER","6fe9f69d-f479-4081-baf4-6149bbe32a28","","","","8661"
"2025-09-13T13:06:27.832011Z","2025-09-13","DEFAULT","CASH","CARD_TRANSACTION","","MAGASIN DU PELER","","","","-2.000000","","","EUR","","","","MAGASIN DU PELER","382068ee-ea2d-40ea-b059-8a85a131d59a","","","","8661"
"2025-09-14T07:08:27.550453Z","2025-09-14","DEFAULT","CASH","CARD_TRANSACTION","","EasyPark Espana S.L.U.","","","","-6.540000","","","EUR","","","","EasyPark Espana S.L.U.","d43239d6-0eb8-4d62-b343-19660a8359f4","","","","7523"
"2025-09-14T12:29:44.755236Z","2025-09-14","DEFAULT","CASH","CARD_TRANSACTION","","ALIENOR","","","","-27.000000","","","EUR","","","","ALIENOR","a76329a7-c228-4c55-af75-10c3331f7229","","","","5812"
"2025-09-14T11:30:46.882588Z","2025-09-14","DEFAULT","CASH","CARD_TRANSACTION","","PARKINGS        2325927","","","","-7.000000","","","EUR","","","","PARKINGS        2325927","60948825-3552-46ec-906b-22dcdedf5e23","","","","7523"
"2025-09-14T07:01:35.791825Z","2025-09-14","DEFAULT","CASH","CARD_TRANSACTION","","ASCENSEUR DE ROC","","","","-6.600000","","","EUR","","","","ASCENSEUR DE ROC","28eb63a7-60cd-42aa-b43c-c0f25b290928","","","","7941"
"2025-09-14T07:37:43.820880Z","2025-09-14","DEFAULT","CASH","CARD_TRANSACTION","","LAuberge des Arcades","","","","-4.700000","","","EUR","","","","LAuberge des Arcades","db8e6e41-f4fe-4a5d-9535-767717e34395","","","","5812"
"2025-09-14T07:01:26.533621Z","2025-09-14","DEFAULT","CASH","CARD_TRANSACTION","","MAIS DE FAMILLE","","","","-19.000000","","","EUR","","","","MAIS DE FAMILLE","65fc721d-5d6b-4d1a-b9b8-2c07ba27a796","","","","5814"
"2025-09-15T08:31:59.325578Z","2025-09-15","DEFAULT","CASH","CARD_TRANSACTION","","MAGASIN INTER   2949057","","","","-28.740000","","","EUR","","","","MAGASIN INTER   2949057","95031c7b-3083-4c2e-8325-d6ee2f958681","","","","5411"
"2025-09-15T10:48:36.773621Z","2025-09-15","DEFAULT","CASH","CARD_TRANSACTION","","AUTOROUTES ASF","","","","-1.700000","","","EUR","","","","AUTOROUTES ASF","bf495d22-e7dc-4a12-89fe-59fae8fc18b1","","","","4784"
"2025-09-15T11:05:06.699965Z","2025-09-15","DEFAULT","CASH","CARD_TRANSACTION","","L'ARTISAN CHOCO","","","","-8.710000","","","EUR","","","","L'ARTISAN CHOCO","df3fa56c-8bca-4654-a108-a9bb24c03532","","","","5441"
"2025-09-15T10:20:05.197253Z","2025-09-15","DEFAULT","CASH","CARD_TRANSACTION","","ESCLATOIL FIGUERES","","","","-50.500000","","","EUR","","","","ESCLATOIL FIGUERES","f099748e-d7af-4edb-8884-4152c3804c1e","","","","5542"
"2025-09-15T10:48:36.821461Z","2025-09-15","DEFAULT","CASH","CARD_TRANSACTION","","AUTOROUTES ASF","","","","-27.300000","","","EUR","","","","AUTOROUTES ASF","5ffa33fc-038a-4993-be57-8a56e4bcf97d","","","","4784"
"2025-09-15T09:40:42.448028Z","2025-09-15","DEFAULT","CASH","CARD_TRANSACTION","","MC DONALS FIGUERES","","","","-18.560000","","","EUR","","","","MC DONALS FIGUERES","74060018-c38b-45f7-89df-8bd38eadb9e2","","","","5814"
"2025-09-16T10:01:23.334Z","2025-09-16","DEFAULT","TRADING","BUY","FUND","Physical Swiss Gold USD ","JE00B588CD74","0.0447410000","299.7200000000","-13.41","","","EUR","","","","Savings plan execution JE00B588CD74 WisdomTree Physical Swiss Gold, quantity: 0.044741","94aca409-5d5c-4fc9-81a9-b97ec5f38be4","","","",""
"2025-09-17T10:45:53.802721Z","2025-09-17","DEFAULT","CASH","CARD_TRANSACTION","","PITAHOUSE","","","","-14.000000","","","EUR","","","","PITAHOUSE","01e6325e-0bcd-48c0-be4d-22f0d5c7901c","","","","5812"
"2025-09-17T10:28:14.495665Z","2025-09-17","DEFAULT","CASH","CARD_TRANSACTION","","LIDL PAY","","","","-61.170000","","","EUR","","","","LIDL PAY","0bc30c01-8d97-4ffb-aca1-52a88efd8939","","","","5411"
"2025-09-18T08:50:54.440360Z","2025-09-18","DEFAULT","CASH","CARD_TRANSACTION","","E1351 POS HOSPITALET","","","","-14.520000","","","EUR","","","","E1351 POS HOSPITALET","19daf8d9-9e85-4e24-bfe4-56a209d08523","","","","5542"
"2025-09-18T06:18:12.762662Z","2025-09-18","DEFAULT","CASH","CARD_TRANSACTION","","CASA MARCELINO","","","","-10.800000","","","EUR","","","","CASA MARCELINO","3471dedd-9732-4c9f-93bf-9ceeb2ba56bb","","","","5812"
"2025-09-18T10:13:37.767686Z","2025-09-18","DEFAULT","CASH","CARD_TRANSACTION","","LEFTIES","","","","-9.990000","","","EUR","","","","LEFTIES","47b41798-e522-4522-aba7-9d65b3c59da0","","","","5651"
"2025-09-20T11:49:05.263772Z","2025-09-20","DEFAULT","CASH","CARD_TRANSACTION","","LIDL PAY","","","","-26.750000","","","EUR","","","","LIDL PAY","6834f9b5-062e-499f-abc5-26017ce24d72","","","","5411"
"2025-09-20T08:44:21.926545Z","2025-09-20","DEFAULT","CASH","CARD_TRANSACTION","","UBER   *EATS","","","","-35.190000","","","EUR","","","","UBER   *EATS","dd37896a-d21a-49c7-9f9b-df32b7e43d23","","","","5812"
"2025-09-20T11:49:59.008423Z","2025-09-20","DEFAULT","CASH","CARD_TRANSACTION","","LIDL PAY","","","","-0.920000","","","EUR","","","","LIDL PAY","91a57756-a9e9-4af8-931e-7cfdc8d1ce1d","","","","5411"
"2025-09-21T08:02:26.818708Z","2025-09-21","DEFAULT","CASH","CARD_TRANSACTION","","BON AREA","","","","-26.470000","","","EUR","","","","BON AREA","3d0df937-9240-4a4b-81ae-47f9ebc2d2de","","","","5411"
"2025-09-22T07:47:07.229478Z","2025-09-22","DEFAULT","CASH","CARD_TRANSACTION","","Amazon.es*F14WI3MV5","","","","-1.980000","","","EUR","","","","Amazon.es*F14WI3MV5","8698874c-a48c-4ee2-8696-201eb0211702","","","","5399"
"2025-09-23T09:58:07.746Z","2025-09-23","DEFAULT","TRADING","BUY","FUND","Physical Swiss Gold USD ","JE00B588CD74","0.0179810000","306.9800000000","-5.52","","","EUR","","","","Savings plan execution JE00B588CD74 WisdomTree Physical Swiss Gold, quantity: 0.017981","a29f0e70-fe77-402a-8213-7eaf5d52e1a6","","","",""
"2025-09-23T11:11:47.517237Z","2025-09-23","DEFAULT","CASH","CARD_TRANSACTION","","PALAU DE LA MUSICA","","","","-141.000000","","","EUR","","","","PALAU DE LA MUSICA","8f236465-0c91-4909-b512-263bfcab160c","","","","7832"
"2025-09-25T07:54:04.909913Z","2025-09-25","DEFAULT","CASH","CARD_TRANSACTION","","ALDI ESPLUGUES","","","","-130.790000","","","EUR","","","","ALDI ESPLUGUES","3ca62bde-104d-4a54-9fb2-d8bf73ead2e7","","","","5411"
"2025-09-26T10:55:18.264860Z","2025-09-26","DEFAULT","CASH","CARD_TRANSACTION","","APP MOBILITAT","","","","-0.910000","","","EUR","","","","APP MOBILITAT","711fe02d-04e6-41ac-98fb-eafcf16df8e4","","","","7523"
"2025-09-26T10:38:55.998459Z","2025-09-26","DEFAULT","CASH","CARD_TRANSACTION","","THE GEORGE PAYNE","","","","-48.000000","","","EUR","","","","THE GEORGE PAYNE","ac48a7d5-1c1e-4d7f-a72a-113f528676f1","","","","5813"
"2025-09-28T07:36:39.632339Z","2025-09-28","DEFAULT","CASH","CARD_TRANSACTION","","COALIMENT JOSEP T. I JOAN","","","","-3.910000","","","EUR","","","","COALIMENT JOSEP T. I JOAN","1ad818f9-cc5b-42cd-bd1c-5ffb895ada83","","","","5411"
"2025-09-28T07:36:11.212020Z","2025-09-28","DEFAULT","CASH","CARD_TRANSACTION","","CONSUM PINEDA DE MAR 0214","","","","-2.780000","","","EUR","","","","CONSUM PINEDA DE MAR 0214","42803fa4-8be7-478e-8260-b3780ad215af","","","","5411"
"2025-10-01T00:35:16.320294Z","2025-10-01","DEFAULT","CASH","INTEREST_PAYMENT","","","","","","16.520000","","-3.14","EUR","","","","Interest payment for payout collection 01999d30-5d9b-731b-a899-1a97ccfa82c2","b8be645d-3832-4f23-925c-3dc3f2d571d7","","","",""
"2025-10-02T06:42:57.186Z","2025-10-02","DEFAULT","TRADING","BUY","CRYPTO","Bitcoin","BTC","0.0004790000","104359.9700000000","-49.99","","","EUR","","","","Savings plan execution XF000BTC0017 Bitcoin, quantity: 0.000479","fc6bb5f8-1981-4b8b-8b04-014d18ecf622","","","",""
"2025-10-02T06:46:47.895Z","2025-10-02","DEFAULT","TRADING","BUY","CRYPTO","Bitcoin","BTC","0.0001430000","104365.9600000000","-14.92","","-2.83","EUR","","","","Savings plan execution XF000BTC0017 Bitcoin, quantity: 0.000143","2308fab6-5fc3-4934-ad21-f0a4b7db3a07","","","",""
"2025-10-02T10:00:07.304Z","2025-10-02","DEFAULT","TRADING","BUY","FUND","Physical Swiss Gold USD ","JE00B588CD74","0.0063940000","315.9200000000","-2.02","","","EUR","","","","Savings plan execution JE00B588CD74 WisdomTree Physical Swiss Gold, quantity: 0.006394","79118f9c-30da-4e5b-8bd6-a35f11a7d89d","","","",""
"2025-10-02T16:11:45.130795Z","2025-10-02","DEFAULT","CASH","TRANSFER_INSTANT_INBOUND","","","","","","3000.000000","","","EUR","","","","Incoming transfer from JAVIER RODRIGUEZ SERRANO","31d34b1f-27bd-4bad-91b8-592fb7f83ec5","","","",""
"2025-10-02T06:50:44.680213Z","2025-10-02","DEFAULT","CASH","BENEFITS_SAVEBACK","CRYPTO","Bitcoin","BTC","","","14.920000","","","EUR","","","","Your Saveback payment","811df4f9-3fb3-44e3-9cd7-2a1a48eed772","","","",""
"2025-10-03T07:22:54.351626Z","2025-10-03","DEFAULT","CASH","CARD_TRANSACTION","","WWW.AMAZON.* B62ML5WR5","","","","-11.430000","","","EUR","","","","WWW.AMAZON.* B62ML5WR5","db846da3-10cc-442a-af24-ef38fa8c53b7","","","","5399"
"2025-10-05T07:42:18.732490Z","2025-10-05","DEFAULT","CASH","CARD_TRANSACTION","","FARMACIA RAQUEL MORENO MU","","","","-17.290000","","","EUR","","","","FARMACIA RAQUEL MORENO MU","7bb18c83-5da5-421a-8228-388b9ab3107e","","","","5912"
"2025-10-06T09:04:24.590650Z","2025-10-06","DEFAULT","CASH","CARD_TRANSACTION","","E1351 POS HOSPITALET","","","","-43.800000","","","EUR","","","","E1351 POS HOSPITALET","c31cef37-cb8d-43b7-aeb1-855a48119624","","","","5542"
"2025-10-06T09:24:47.607723Z","2025-10-06","DEFAULT","CASH","CARD_TRANSACTION","","WERKHAUS SL, SCS","","","","-9.990000","","","EUR","","","","WERKHAUS SL, SCS","de1c69ff-ef2d-409d-9c9e-1c293732ef7e","","","","5211"
"2025-10-06T10:16:33.608Z","2025-10-06","DEFAULT","TRADING","SELL","STOCK","Apple","US0378331005","-0.0506000000","221.1500000000","11.19","-1.00","","EUR","","","","Sell trade US0378331005 APPLE INC., quantity: 0.0506","b3fc7738-c7dc-44cd-a07c-7a14db203329","","","",""
"2025-10-07T11:13:26.224891Z","2025-10-07","DEFAULT","CASH","CARD_TRANSACTION","","LIDL PAY","","","","-39.850000","","","EUR","","","","LIDL PAY","7c11a09f-30ca-4416-b500-fc6a407919ea","","","","5411"
"2025-10-07T11:16:48.044296Z","2025-10-07","DEFAULT","CASH","CARD_TRANSACTION","","ALDI ZONA FRANCA","","","","-23.060000","","","EUR","","","","ALDI ZONA FRANCA","8a68c3fd-c862-4dc0-b56a-689093ecd4b8","","","","5411"
"2025-10-07T06:13:14.405725Z","2025-10-07","DEFAULT","CASH","CARD_TRANSACTION","","Netflix.com","","","","-6.990000","","","EUR","","","","Netflix.com","922b7b13-85ef-4bad-8d9d-07ebc84f0b2d","","","","4899"
"2025-10-08T11:16:26.126171Z","2025-10-08","DEFAULT","CASH","CARD_TRANSACTION","","STAR LLAR","","","","-1.350000","","","EUR","","","","STAR LLAR","97fc11a0-eb30-4fc6-9d60-a6c8c04b2952","","","","5251"
"2025-10-08T11:12:33.771292Z","2025-10-08","DEFAULT","CASH","CARD_TRANSACTION","","LIDL PAY","","","","-3.490000","","","EUR","","","","LIDL PAY","8baa555d-5173-4297-9720-be256bac90e2","","","","5411"
"2025-10-09T10:02:20.923Z","2025-10-09","DEFAULT","TRADING","BUY","FUND","Physical Swiss Gold USD ","JE00B588CD74","0.0112760000","332.5400000000","-3.75","","","EUR","","","","Savings plan execution JE00B588CD74 WisdomTree Physical Swiss Gold, quantity: 0.011276","f6796e65-de8b-4f1a-93f2-3118f82a658e","","","",""
"2025-10-10T08:05:58.148839Z","2025-10-10","DEFAULT","CASH","CARD_TRANSACTION","","ATRAPALO.COM","","","","-101.000000","","","EUR","","","","ATRAPALO.COM","fe527abd-75dd-4aeb-b2d4-21ec13f8a1df","","","","4722"
"2025-10-10T08:09:23.556266Z","2025-10-10","DEFAULT","CASH","CARD_TRANSACTION","","ENIGMIK","","","","-40.000000","","","EUR","","","","ENIGMIK","4347857e-8252-448d-8c57-9d0545b2d309","","","","7832"
"2025-10-11T11:25:23.885436Z","2025-10-11","DEFAULT","CASH","CARD_TRANSACTION","","MERCADONA PRAT DE LA RIBA","","","","-6.550000","","","EUR","","","","MERCADONA PRAT DE LA RIBA","d214bc83-694e-42a0-b62e-c707c303a592","","","","5411"
"2025-10-11T11:31:31.179786Z","2025-10-11","DEFAULT","CASH","CARD_TRANSACTION","","LIDL PAY","","","","-2.640000","","","EUR","","","","LIDL PAY","1d1dfd79-3025-47e2-9583-07d8c0ae1b9b","","","","5411"
"2025-10-14T10:48:54.141297Z","2025-10-14","DEFAULT","CASH","CARD_TRANSACTION","","LIDL PAY","","","","-28.810000","","","EUR","","","","LIDL PAY","fbb9b3f0-a08a-470b-9d21-6ea4e2050c2d","","","","5411"
"2025-10-16T06:16:45.649277Z","2025-10-16","DEFAULT","CASH","CARD_TRANSACTION","","CASA MARCELINO","","","","-10.800000","","","EUR","","","","CASA MARCELINO","043d70db-2aeb-448a-a6ad-29a78654dd0c","","","","5812"
"2025-10-16T09:59:05.016Z","2025-10-16","DEFAULT","TRADING","BUY","FUND","Physical Swiss Gold USD ","JE00B588CD74","0.0092170000","348.2400000000","-3.21","","","EUR","","","","Savings plan execution JE00B588CD74 WisdomTree Physical Swiss Gold, quantity: 0.009217","5e15ba12-5373-4a5e-bcf5-5a3429cf8d64","","","",""
"2025-10-17T11:53:03.118982Z","2025-10-17","DEFAULT","CASH","CARD_TRANSACTION","","CATALUNYA DONER KEBAB","","","","-9.000000","","","EUR","","","","CATALUNYA DONER KEBAB","d96508b4-803e-44df-a837-50523b12f7be","","","","5812"
"2025-10-17T07:45:42.994203Z","2025-10-17","DEFAULT","CASH","CARD_TRANSACTION","","ZARA REDUCE (LEFTIES)","","","","-19.990000","","","EUR","","","","ZARA REDUCE (LEFTIES)","4825a31d-8079-452c-95e2-7775b2e898b1","","","","5651"
"2025-10-18T11:18:43.899490Z","2025-10-18","DEFAULT","CASH","CARD_TRANSACTION","","DULDIELEHACHE","","","","-0.800000","","","EUR","","","","DULDIELEHACHE","dd5410b8-86fd-4eee-a290-6e5c01880479","","","","5441"
"2025-10-18T11:06:25.930365Z","2025-10-18","DEFAULT","CASH","CARD_TRANSACTION","","BAZAR Y REGALOS","","","","-1.500000","","","EUR","","","","BAZAR Y REGALOS","ba617d2b-8e7c-4a68-b78f-2bfe7ab4eb74","","","","5947"
"2025-10-18T11:02:45.247666Z","2025-10-18","DEFAULT","CASH","CARD_TRANSACTION","","DECO FACIL 2022","","","","-1.700000","","","EUR","","","","DECO FACIL 2022","6ee0914d-8453-4b3a-ab27-a885e3e4f289","","","","5947"
"2025-10-18T07:23:08.856476Z","2025-10-18","DEFAULT","CASH","CARD_TRANSACTION","","FEVER* LEONARDO VERSUS","","","","-32.000000","","","EUR","","","","FEVER* LEONARDO VERSUS","b84d9540-5d2b-4986-9a0d-83ab47a4a873","","","","7922"
"2025-10-18T11:24:05.848373Z","2025-10-18","DEFAULT","CASH","CARD_TRANSACTION","","PANADERIA SANT JOSEP","","","","-8.000000","","","EUR","","","","PANADERIA SANT JOSEP","60dec870-68e8-4d46-b66b-46efe7442941","","","","5813"
"2025-10-19T09:35:34.900013Z","2025-10-19","DEFAULT","CASH","CARD_TRANSACTION","","UBER   *EATS","","","","-24.970000","","","EUR","","","","UBER   *EATS","404ddcd4-179a-45a1-b7a1-7f105118daa3","","","","5812"
"2025-10-21T03:01:16.179380Z","2025-10-21","DEFAULT","CASH","CARD_TRANSACTION","","LA TAGLIATELLA","","","","-134.800000","","","EUR","","","","LA TAGLIATELLA","dcbffbf1-88ec-448e-baf8-9fa701b8cf91","","","","5812"
"2025-10-21T11:36:12.641117Z","2025-10-21","DEFAULT","CASH","CARD_TRANSACTION","","LIDL PAY","","","","-20.490000","","","EUR","","","","LIDL PAY","7d30ad36-76f3-440f-b631-5a34344599db","","","","5411"
"2025-10-21T11:28:52.219625Z","2025-10-21","DEFAULT","CASH","CARD_TRANSACTION","","LIDL E-COMMERCE","","","","-11.990000","","","EUR","","","","LIDL E-COMMERCE","be1feec3-28c6-45b2-a4ab-ae657c2be76a","","","","5411"
"2025-10-21T07:18:01.662700Z","2025-10-21","DEFAULT","CASH","CARD_TRANSACTION","","FEVER* LEONARDO VERSUS","","","","-3.000000","","","EUR","","","","FEVER* LEONARDO VERSUS","73357b8e-d609-4e54-9098-3a41d1f42273","","","","7922"
"2025-10-21T02:21:36.659398Z","2025-10-21","DEFAULT","CASH","CARD_TRANSACTION","","CONDIS JOSEP TARRADELL","","","","-5.380000","","","EUR","","","","CONDIS JOSEP TARRADELL","06864f3e-88e3-4af6-b401-84e733a5a705","","","","5411"
"2025-10-21T10:41:25.607609Z","2025-10-21","DEFAULT","CASH","CARD_TRANSACTION","","AMAZON* BZ39L8SQ5","","","","-8.990000","","","EUR","","","","AMAZON* BZ39L8SQ5","9385cd7a-fda8-4cd0-b931-b66c958a0c6c","","","","5999"
"2025-10-22T11:12:05.897987Z","2025-10-22","DEFAULT","CASH","CARD_TRANSACTION","","CASA MEVA","","","","-2.700000","","","EUR","","","","CASA MEVA","d288fdc8-48b6-438a-8cb1-8680c367a603","","","","5812"
"2025-10-22T11:21:53.320677Z","2025-10-22","DEFAULT","CASH","CARD_TRANSACTION","","ENIGMIK","","","","-22.400000","","","EUR","","","","ENIGMIK","9c8ad7fd-ca7b-44d4-b259-41da7226ae32","","","","7832"
"2025-10-22T11:11:47.308875Z","2025-10-22","DEFAULT","CASH","CARD_TRANSACTION","","TIMESBURG ROSSELLO","","","","-26.350000","","","EUR","","","","TIMESBURG ROSSELLO","08d7ff54-09c6-414b-aa2d-4951351e5af7","","","","5812"
"2025-10-23T06:24:35.957227Z","2025-10-23","DEFAULT","CASH","CARD_TRANSACTION","","MADRE LIEVITO","","","","-29.000000","","","EUR","","","","MADRE LIEVITO","60f24f74-7a78-4f52-8e5a-a6628ca399db","","","","5812"
"2025-10-23T09:58:29.484Z","2025-10-23","DEFAULT","TRADING","BUY","FUND","Physical Swiss Gold USD ","JE00B588CD74","0.0262350000","340.3800000000","-8.93","","","EUR","","","","Savings plan execution JE00B588CD74 WisdomTree Physical Swiss Gold, quantity: 0.026235","1cb978e9-8663-4a2c-b988-41279545c882","","","",""
"2025-10-24T11:09:34.828024Z","2025-10-24","DEFAULT","CASH","CARD_TRANSACTION","","LIDL PAY","","","","-12.660000","","","EUR","","","","LIDL PAY","85017915-1a55-4edb-9193-54d0f6a6631f","","","","5411"
"2025-10-24T19:51:17.266571Z","2025-10-24","DEFAULT","CASH","TRANSFER_INSTANT_OUTBOUND","","","","","","-178.950000","","","EUR","","","","Outgoing transfer for 365 Association","e01da4db-e682-4dd7-abff-154cc9c1e071","","","",""
"2025-10-24T10:55:20.147355Z","2025-10-24","DEFAULT","CASH","CARD_TRANSACTION","","SKYFALL","","","","-23.000000","","","EUR","","","","SKYFALL","58cf043c-6adf-42d5-aea4-539cc33717d3","","","","5812"
"2025-10-25T10:13:52.964906Z","2025-10-25","DEFAULT","CASH","CARD_TRANSACTION","","ENTRE TAPES OLIVERES","","","","-19.700000","","","EUR","","","","ENTRE TAPES OLIVERES","d5d1accd-c0b1-42fe-b37a-f4a2ee0cc68b","","","","5812"
"2025-10-25T11:45:58.517058Z","2025-10-25","DEFAULT","CASH","CARD_TRANSACTION","","GALAXIA 12","","","","-40.990000","","","EUR","","","","GALAXIA 12","3e063b84-2869-4585-bf11-a9e63cc15e67","","","","5411"
"2025-10-26T10:35:46.933701Z","2025-10-26","DEFAULT","CASH","CARD_TRANSACTION","","SUBIRATS CARNS","","","","-13.670000","","","EUR","","","","SUBIRATS CARNS","22ac3892-ab19-4d8d-9eef-f9b804dd2bb9","","","","5411"
"2025-10-26T10:34:30.140913Z","2025-10-26","DEFAULT","CASH","CARD_TRANSACTION","","BAR SERRANO","","","","-1.200000","","","EUR","","","","BAR SERRANO","7e2a4fe4-c386-4228-b794-5fdfdc21fe5b","","","","5812"
"2025-10-29T12:24:56.345177Z","2025-10-29","DEFAULT","CASH","CARD_TRANSACTION","","PRIMAPRIX BARCELONA II","","","","-1.550000","","","EUR","","","","PRIMAPRIX BARCELONA II","5f7cf104-9ce1-4012-93d2-878adb176e06","","","","5411"
"2025-10-29T12:13:27.316699Z","2025-10-29","DEFAULT","CASH","CARD_TRANSACTION","","LIDL PAY","","","","-43.420000","","","EUR","","","","LIDL PAY","7e2c9a4f-3d1a-4ceb-9bf8-ae1270e2cf34","","","","5411"
"2025-10-30T15:19:59.803622Z","2025-10-30","DEFAULT","CASH","CARD_TRANSACTION","","LIDL PAY","","","","-1.490000","","","EUR","","","","LIDL PAY","fc268b75-cd9c-4f82-b4a2-f12f21c39520","","","","5411"
"2025-10-30T07:30:12.384458Z","2025-10-30","DEFAULT","CASH","CARD_TRANSACTION","","CASA MARCELINO","","","","-8.100000","","","EUR","","","","CASA MARCELINO","c2c98026-cbc5-4a7e-8e1f-bf81912feb2c","","","","5812"
"2025-10-31T12:28:26.143321Z","2025-10-31","DEFAULT","CASH","CARD_TRANSACTION","","EL DRAGON HOSPITALET S.L.","","","","-7.800000","","","EUR","","","","EL DRAGON HOSPITALET S.L.","f2e58f35-9a35-4935-919e-b53e39b2b119","","","","5947"
"2025-11-01T13:11:06.872196Z","2025-11-01","DEFAULT","CASH","CARD_TRANSACTION","","Espucarn Hospitalet","","","","-40.400000","","","EUR","","","","Espucarn Hospitalet","83939427-ee09-437e-8a13-1d0cf2230d34","","","","5411"
"2025-11-01T01:48:00.267089Z","2025-11-01","DEFAULT","CASH","INTEREST_PAYMENT","","","","","","20.010000","","-3.80","EUR","","","","Interest payment for payout collection 019a3d15-bcc1-769c-b81c-bbb5d83504eb","b08b993c-fb35-4fc3-8124-3a1c5c7c5625","","","",""
"2025-11-02T08:51:46.638145Z","2025-11-02","DEFAULT","CASH","CARD_TRANSACTION","","ESCLATOIL 4082T TOSSA DE","","","","-45.120000","","","EUR","","","","ESCLATOIL 4082T TOSSA DE","986c5b2e-d7e9-4346-b6e1-397eea504f9d","","","","5542"
"2025-11-02T07:22:58.208368Z","2025-11-02","DEFAULT","CASH","CARD_TRANSACTION","","GRANJA DE TOSSA","","","","-7.550000","","","EUR","","","","GRANJA DE TOSSA","53dedd63-0154-4761-849d-9749175dc4f5","","","","5813"
"2025-11-02T08:52:05.658678Z","2025-11-02","DEFAULT","CASH","CARD_TRANSACTION","","HIPERMERCAT ESCLAT H82T","","","","-18.980000","","","EUR","","","","HIPERMERCAT ESCLAT H82T","5a0ff37c-a9bd-405e-8f68-f9861ea194f0","","","","5411"
"2025-11-03T07:48:57.547Z","2025-11-03","DEFAULT","TRADING","BUY","CRYPTO","Bitcoin","BTC","0.0000930000","96148.6600000000","-8.94","","-1.70","EUR","","","","Savings plan execution XF000BTC0017 Bitcoin, quantity: 0.000093","876422f8-7068-495e-b521-9f4061f76f41","","","",""
"2025-11-03T07:49:05.518Z","2025-11-03","DEFAULT","TRADING","BUY","CRYPTO","Bitcoin","BTC","0.0005200000","96138.9900000000","-49.99","","","EUR","","","","Savings plan execution XF000BTC0017 Bitcoin, quantity: 0.000520","579fe1dd-b476-426f-b2ab-ce510bf2a32d","","","",""
"2025-11-03T11:03:23.685Z","2025-11-03","DEFAULT","TRADING","BUY","FUND","Physical Swiss Gold USD ","JE00B588CD74","0.0225310000","332.4200000000","-7.49","","","EUR","","","","Savings plan execution JE00B588CD74 WisdomTree Physical Swiss Gold, quantity: 0.022531","eab2af0e-78ff-4176-a381-ebd9dbcaf9ce","","","",""
"2025-11-03T11:58:56.755106Z","2025-11-03","DEFAULT","CASH","INTEREST_PAYMENT","BOND","Okt. 2054","ES0000012M93","","","32.550000","","","EUR","","","","Interest Payment for ISIN ES0000012M93","e7457781-510c-46e6-a478-c54946090bce","","","",""
"2025-11-03T16:25:17.017928Z","2025-11-03","DEFAULT","CASH","TRANSFER_INSTANT_OUTBOUND","","","","","","-4000.000000","","","EUR","","","","Outgoing transfer for JAVIER RODRIGUEZ SERRANO","4adb219b-7907-4ae0-b7cd-65a9db02e450","","","",""
"2025-11-03T07:53:50.800826Z","2025-11-03","DEFAULT","CASH","BENEFITS_SAVEBACK","CRYPTO","Bitcoin","BTC","","","8.940000","","","EUR","","","","Your Saveback payment","9b892beb-36c7-4377-ad89-24a8f6641bfc","","","",""
"2025-11-05T11:16:30.621250Z","2025-11-05","DEFAULT","CASH","CARD_TRANSACTION","","E1351 POS HOSPITALET","","","","-12.720000","","","EUR","","","","E1351 POS HOSPITALET","a85a8496-f5d9-408e-8712-7cd6c06273a9","","","","5542"
"2025-11-05T07:48:45.566657Z","2025-11-05","DEFAULT","CASH","CARD_TRANSACTION","","WWW.AMAZON.* LY86T08N5","","","","-13.520000","","","EUR","","","","WWW.AMAZON.* LY86T08N5","83a3522a-6d95-48c1-87f3-ca7ca1160a15","","","","5399"
"2025-11-06T13:27:15.227597Z","2025-11-06","DEFAULT","CASH","CARD_TRANSACTION","","BELLAS ARTES GUTIERREZ","","","","-2.100000","","","EUR","","","","BELLAS ARTES GUTIERREZ","303eda7e-38e6-49f5-9deb-9a1ea7e0b2f5","","","","5942"
"2025-11-07T13:26:21.538877Z","2025-11-07","DEFAULT","CASH","CARD_TRANSACTION","","EL PAISA LOCUTORIO 6","","","","-11.000000","","","EUR","","","","EL PAISA LOCUTORIO 6","e1e1af54-a7f0-4fc9-9038-b3e604fccf47","","","","5812"
"2025-11-07T13:45:02.642635Z","2025-11-07","DEFAULT","CASH","CARD_TRANSACTION","","FARMACIA RAQUEL MORENO MU","","","","-5.980000","","","EUR","","","","FARMACIA RAQUEL MORENO MU","733c82fb-be71-47c9-a9f1-cda56e1d4cea","","","","5912"
"2025-11-08T08:02:39.132607Z","2025-11-08","DEFAULT","CASH","CARD_TRANSACTION","","NETFLIX.COM","","","","-6.990000","","","EUR","","","","NETFLIX.COM","5812b28e-17bc-4980-84a8-e9e4e187685f","","","","4899"
"2025-11-09T08:09:16.669784Z","2025-11-09","DEFAULT","CASH","CARD_TRANSACTION","","PANADERIA SANT JOSEP","","","","-0.950000","","","EUR","","","","PANADERIA SANT JOSEP","9313d6f2-35b9-437a-a73d-837843c6bc73","","","","5813"
"2025-11-09T08:15:08.660579Z","2025-11-09","DEFAULT","CASH","CARD_TRANSACTION","","LIDL PAY","","","","-2.490000","","","EUR","","","","LIDL PAY","b255a0e7-bc2d-4884-b488-569450da98e0","","","","5411"
"2025-11-10T10:59:50.919Z","2025-11-10","DEFAULT","TRADING","BUY","FUND","Physical Swiss Gold USD ","JE00B588CD74","0.0131150000","337.7800000000","-4.43","","","EUR","","","","Savings plan execution JE00B588CD74 WisdomTree Physical Swiss Gold, quantity: 0.013115","d6d9334d-3f82-4ac9-b599-d9f9f4a50e78","","","",""
"2025-11-10T11:11:06.036Z","2025-11-10","DEFAULT","TRADING","SELL","FUND","Uranium USD (Acc)","IE000NDWFGA5","-47.8927200000","25.1000000000","1202.11","-1.00","","EUR","","","","Sell trade IE000NDWFGA5 Global X ETFs ICAV - Global X Uranium UCITS ETF Acc USD, quantity: 47.89272","bd99b5a0-a944-4436-b9fb-3e5daddd6d15","","","",""
"2025-11-10T11:11:25.912Z","2025-11-10","DEFAULT","TRADING","BUY","CRYPTO","Bitcoin","BTC","0.0107340000","93151.4900000000","-999.89","-1.00","","EUR","","","","Buy trade XF000BTC0017 Bitcoin, quantity: 0.010734","1b55b3f5-c2d5-4e58-b1ec-77c21114a4ba","","","",""
"2025-11-10T12:44:26.141412Z","2025-11-10","DEFAULT","CASH","CARD_TRANSACTION_INTERNATIONAL","","CityGate Sofia Transit","","","","-0.820000","","","EUR","-1.60","BGN","0.512500","CityGate Sofia Transit, 1,60 BGN, exchange rate: 0,5125, ECB rate: 0,5112997239, markup: 0,23475 %","17515d31-4ec5-4785-85c3-e8a32c525d8f","","","","4111"
"2025-11-10T11:37:03.125775Z","2025-11-10","DEFAULT","CASH","CARD_TRANSACTION","","KASHMIR","","","","-2.000000","","","EUR","","","","KASHMIR","adf2adeb-fbb0-4487-b22a-43dd580dc27c","","","","5411"
"2025-11-11T13:50:31.127933Z","2025-11-11","DEFAULT","CASH","CARD_TRANSACTION_INTERNATIONAL","","CityGate Sofia Transit","","","","-0.820000","","","EUR","-1.60","BGN","0.512500","CityGate Sofia Transit, 1,60 BGN, exchange rate: 0,5125, ECB rate: 0,5112997239, markup: 0,23475 %","0c5db7fe-c276-4a74-848c-22b709898b97","","","","4111"
"2025-11-11T12:16:58.764663Z","2025-11-11","DEFAULT","CASH","CARD_TRANSACTION","","LIDL PAY","","","","-19.710000","","","EUR","","","","LIDL PAY","3aa2aae8-4f40-491b-9357-df8bcfaa7af8","","","","5411"
"2025-11-12T09:44:59.308101Z","2025-11-12","DEFAULT","CASH","CARD_TRANSACTION","","UBER   *EATS","","","","-13.190000","","","EUR","","","","UBER   *EATS","61241f7f-0729-424f-aff3-850dfefbefb4","","","","5812"
"2025-11-13T09:14:34.553843Z","2025-11-13","DEFAULT","CASH","CARD_TRANSACTION","","LIDL PAY","","","","-1.950000","","","EUR","","","","LIDL PAY","2a58c993-7cfe-4699-aefb-c5a3258b9802","","","","5411"
"2025-11-13T08:59:47.225047Z","2025-11-13","DEFAULT","CASH","CARD_TRANSACTION","","CASA MARCELINO","","","","-6.700000","","","EUR","","","","CASA MARCELINO","74aa050f-9264-4150-8294-2917ccf14af7","","","","5812"
"2025-11-13T10:53:34.977208Z","2025-11-13","DEFAULT","CASH","CARD_TRANSACTION","","ALIEXPRESS","","","","-11.350000","","","EUR","","","","ALIEXPRESS","b22f5975-705e-41ce-a14e-fb5fb392d15a","","","","5311"
"2025-11-13T09:11:48.300217Z","2025-11-13","DEFAULT","CASH","CARD_TRANSACTION","","MERCADONA PRAT DE LA RIBA","","","","-2.500000","","","EUR","","","","MERCADONA PRAT DE LA RIBA","426974bd-260d-497a-b703-b46254e73c4b","","","","5411"
"2025-11-14T16:01:40.906361Z","2025-11-14","DEFAULT","CASH","INTEREST_PAYMENT","BOND","Aug. 2029","XS2800678224","","","64.010000","","-12.16","EUR","","","","Interest Payment for ISIN XS2800678224","529ab866-c50c-4cfd-8fbf-0bdbb7d75f83","","","",""
"2025-11-16T12:14:32.826692Z","2025-11-16","DEFAULT","CASH","CARD_TRANSACTION","","ESPUCARN HOSPITALET","","","","-30.770000","","","EUR","","","","ESPUCARN HOSPITALET","6c7d7794-12a6-4afb-a97e-d5d70cdb0760","","","","5411"
"2025-11-16T07:23:02.838743Z","2025-11-16","DEFAULT","CASH","CARD_TRANSACTION","","GRANJA DULCINEA","","","","-9.600000","","","EUR","","","","GRANJA DULCINEA","26a4712f-be3d-4761-839e-e8994819bb0e","","","","5813"
"2025-11-17T10:16:34.530328Z","2025-11-17","DEFAULT","CASH","CARD_TRANSACTION","","AUTHORIZATION","","","","-153.800000","","","EUR","","","","AUTHORIZATION","f94658a3-693a-4ce4-9e44-def52146caae","","","","6513"
"2025-11-17T10:53:29.207812Z","2025-11-17","DEFAULT","CASH","CARD_TRANSACTION","","RODI METRO V","","","","-45.000000","","","EUR","","","","RODI METRO V","25d01ff7-6d5a-446a-a155-566fa2c56626","","","","5533"
"2025-11-17T11:04:11.004Z","2025-11-17","DEFAULT","TRADING","BUY","FUND","Physical Swiss Gold USD ","JE00B588CD74","0.0137250000","335.8800000000","-4.61","","","EUR","","","","Savings plan execution JE00B588CD74 WisdomTree Physical Swiss Gold, quantity: 0.013725","d4b988a6-a8f5-4d52-b1f9-b319c87986e7","","","",""
"2025-11-18T11:45:16.467460Z","2025-11-18","DEFAULT","CASH","CARD_TRANSACTION","","LIDL PAY","","","","-32.140000","","","EUR","","","","LIDL PAY","b206c1c6-923c-4f8c-8592-a252f94b756b","","","","5411"
"2025-11-18T07:16:18.333244Z","2025-11-18","DEFAULT","CASH","CARD_TRANSACTION","","Temu.com","","","","-38.740000","","","EUR","","","","Temu.com","f90b7e54-0837-4933-b70b-670511876d3d","","","","5399"
"2025-11-19T07:11:51.225343Z","2025-11-19","DEFAULT","CASH","CARD_TRANSACTION","","Temu.com","","","","-20.920000","","","EUR","","","","Temu.com","e15b4b89-556d-4c3f-96e3-3ce0ec4f31e5","","","","5399"
"2025-11-19T12:25:53.487982Z","2025-11-19","DEFAULT","CASH","CARD_TRANSACTION","","PRIMARK DIAGONAL MAR","","","","-7.000000","","","EUR","","","","PRIMARK DIAGONAL MAR","685e036c-6b79-4181-9a78-c9043b597208","","","","5651"
"2025-11-19T07:12:19.018320Z","2025-11-19","DEFAULT","CASH","CARD_TRANSACTION","","Temu.com","","","","-26.820000","","","EUR","","","","Temu.com","c4bda508-587e-441a-9521-f891eccbc44b","","","","5399"
"2025-11-19T11:41:20.275726Z","2025-11-19","DEFAULT","CASH","CARD_TRANSACTION","","T553 BELROS C.C. DIAGONAL","","","","-1.840000","","","EUR","","","","T553 BELROS C.C. DIAGONAL","a8c80458-aa91-4753-990f-82c046be25c6","","","","5441"
"2025-11-20T11:43:36.984799Z","2025-11-20","DEFAULT","CASH","CARD_TRANSACTION","","RODI METRO ALM 210 C2.0","","","","-92.460000","","","EUR","","","","RODI METRO ALM 210 C2.0","c5626be6-748f-4798-97a5-959c0439b7a6","","","","5533"
"2025-11-20T07:14:37.097199Z","2025-11-20","DEFAULT","CASH","CARD_TRANSACTION","","CASA MARCELINO","","","","-7.200000","","","EUR","","","","CASA MARCELINO","6b0fc69a-b28b-4464-a238-dfa68aa299d7","","","","5812"
"2025-11-21T11:05:26.814813Z","2025-11-21","DEFAULT","CASH","CARD_TRANSACTION","","CHURRERIA LAVIA","","","","-7.600000","","","EUR","","","","CHURRERIA LAVIA","1b287e14-19ab-4f68-ba77-ed4a5c8a5c5b","","","","5813"
"2025-11-21T11:54:53.920781Z","2025-11-21","DEFAULT","CASH","CARD_TRANSACTION","","MAGMA CENTRE LUDIC TERMAL","","","","-70.000000","","","EUR","","","","MAGMA CENTRE LUDIC TERMAL","34ad10a3-dffa-4800-ba2e-dd3e2bc669d9","","","","7011"
"2025-11-22T12:42:36.475724Z","2025-11-22","DEFAULT","CASH","CARD_TRANSACTION","","GASTRO BURGER","","","","-30.900000","","","EUR","","","","GASTRO BURGER","84a05b8a-2d04-458f-b082-1231c1e46dd8","","","","5812"
"2025-11-23T08:48:16.120660Z","2025-11-23","DEFAULT","CASH","CARD_TRANSACTION","","MERCADONA PRAT DE LA RIBA","","","","-12.400000","","","EUR","","","","MERCADONA PRAT DE LA RIBA","d1ec4d10-2858-48a7-889e-bcd70660a5b2","","","","5411"
"2025-11-23T07:25:28.695029Z","2025-11-23","DEFAULT","CASH","CARD_TRANSACTION","","LA BODEGUETA","","","","-14.200000","","","EUR","","","","LA BODEGUETA","e841dd6a-d15d-4967-848c-0c74cd1f05f9","","","","5813"
"2025-11-24T10:58:30.533Z","2025-11-24","DEFAULT","TRADING","BUY","FUND","Physical Swiss Gold USD ","JE00B588CD74","0.0201060000","337.2000000000","-6.78","","","EUR","","","","Savings plan execution JE00B588CD74 WisdomTree Physical Swiss Gold, quantity: 0.020106","c01aa02d-24ae-460b-a970-e284b382a462","","","",""
"2025-11-25T07:08:20.822415Z","2025-11-25","DEFAULT","CASH","CARD_TRANSACTION","","Temu.com","","","","-23.420000","","","EUR","","","","Temu.com","f11a3c9d-f0d3-41f6-9311-aa0aed677277","","","","5399"
"2025-11-25T12:23:18.448994Z","2025-11-25","DEFAULT","CASH","CARD_TRANSACTION","","LIDL PAY","","","","-26.850000","","","EUR","","","","LIDL PAY","7c13c06c-2f76-40ac-9cbe-3083e311b369","","","","5411"
"2025-11-26T08:01:46.052338Z","2025-11-26","DEFAULT","CASH","CARD_TRANSACTION","","AMZN Mktp ES*ZL1ME2944","","","","-12.960000","","","EUR","","","","AMZN Mktp ES*ZL1ME2944","019abf2e-ca44-715e-aa5a-6b5111d9671b","","","","5999"
"2025-11-26T12:29:05.995796Z","2025-11-26","DEFAULT","CASH","CARD_TRANSACTION","","LIDL PAY","","","","-1.280000","","","EUR","","","","LIDL PAY","019ac023-8a4b-75d8-8122-509d268545db","","","","5411"
"2025-11-26T13:28:20.652992Z","2025-11-26","DEFAULT","CASH","CARD_TRANSACTION","","LEROY MERLIN ES","","","","-299.600000","","","EUR","","","","LEROY MERLIN ES","019ac059-c7ac-75b4-bad8-4a259e3be314","","","","5231"
"2025-11-27T07:17:22.988613Z","2025-11-27","DEFAULT","CASH","CARD_TRANSACTION","","Temu.com","","","","-23.020000","","","EUR","","","","Temu.com","019ac42c-83ac-74cc-86b5-8f980f4c8d45","","","","5399"
"2025-11-27T07:22:11.545378Z","2025-11-27","DEFAULT","CASH","CARD_TRANSACTION","","Temu.com","","","","-61.100000","","","EUR","","","","Temu.com","019ac430-ead9-709a-890c-41733c4217bf","","","","5399"
"2025-11-27T07:29:19.215591Z","2025-11-27","DEFAULT","CASH","CARD_TRANSACTION","","CASA MARCELINO","","","","-9.900000","","","EUR","","","","CASA MARCELINO","019ac437-716f-79c3-bc78-a4ae682c166f","","","","5812"
"2025-11-28T14:43:50.156706Z","2025-11-28","DEFAULT","CASH","TRANSFER_INSTANT_INBOUND","","","","","","3000.000000","","","EUR","","","","Incoming transfer from JAVIER RODRIGUEZ SERRANO (ES0721000602770101098778)","019acaeb-9d0c-74da-8dd1-a414160cbfa2","","","",""
"2025-11-28T08:04:38.448579Z","2025-11-28","DEFAULT","CASH","CARD_TRANSACTION","","WWW.AMAZON.* ZR9TP2NW4","","","","-241.990000","","","EUR","","","","WWW.AMAZON.* ZR9TP2NW4","019ac97e-23b0-7624-8a0f-1fab59c26cc3","","","","5399"
"2025-11-28T12:35:22.669099Z","2025-11-28","DEFAULT","CASH","CARD_TRANSACTION","","CATALUNYA DONER KEBAB SAN","","","","-7.000000","","","EUR","","","","CATALUNYA DONER KEBAB SAN","019aca76-01ad-7e14-b504-d228f22d9007","","","","5814"
"2025-11-30T09:48:01.985723Z","2025-11-30","DEFAULT","CASH","CARD_TRANSACTION","","Abacus SCCL","","","","-33.740000","","","EUR","","","","Abacus SCCL","019ad429-8441-75df-9ef9-77197b7dc4b0","","","","5942"
"2025-11-30T12:52:10.086286Z","2025-11-30","DEFAULT","CASH","CARD_TRANSACTION","","AUTHORIZATION","","","","-208.380000","","","EUR","","","","AUTHORIZATION","019ad4d2-18e6-7193-aa49-7f8b0e08e915","","","","6513"
"2025-11-30T13:00:30.107193Z","2025-11-30","DEFAULT","CASH","CARD_TRANSACTION","","LIDL PAY","","","","-5.370000","","","EUR","","","","LIDL PAY","019ad4d9-ba1b-77f5-bd16-da13c1672497","","","","5411"
"2025-11-30T13:09:25.945096Z","2025-11-30","DEFAULT","CASH","CARD_TRANSACTION","","DRUNI C.C. LA FARGA","","","","-11.860000","","","EUR","","","","DRUNI C.C. LA FARGA","019ad4e1-e739-7b4f-be95-55798eedcbeb","","","","5977"
"2025-11-30T13:16:23.085789Z","2025-11-30","DEFAULT","CASH","CARD_TRANSACTION","","MUG RESTAURANTE","","","","-34.900000","","","EUR","","","","MUG RESTAURANTE","019ad4e8-44ad-7002-ac20-9bbec9386549","","","","5813"
"2025-12-01T01:14:07.847752Z","2025-12-01","DEFAULT","CASH","BENEFITS_SAVEBACK","","","","","","15.000000","","-2.85","EUR","","","","Fixed income bonus 2b686da1-2e0b-4925-9d5b-092bde4b50a0 for buy order: 98f730fd-3e0a-4812-b442-75a5fa52edbe","019ad779-6267-7b44-8078-eaa454eb73cf","","","",""
"2025-12-01T01:40:14.643231Z","2025-12-01","DEFAULT","CASH","INTEREST_PAYMENT","","","","","","12.250000","","-2.33","EUR","","","","Interest payment for payout collection 019ad790-aede-7442-bdac-b3cea9dd6141","019ad791-4ab3-77ef-aff5-89e8c8e7c62a","","","",""
"2025-12-02T07:11:01.737432Z","2025-12-02","DEFAULT","CASH","CARD_TRANSACTION","","Temu.com","","","","-50.300000","","","EUR","","","","Temu.comnull","019adde6-7e69-7709-aa83-a654ecafe672","","","","5399"
"2025-12-02T07:42:07.517Z","2025-12-02","DEFAULT","TRADING","BUY","CRYPTO","Bitcoin","BTC","0.0006470000","77168.9000000000","-49.93","","","EUR","","","","Savings plan execution XF000BTC0017 Bitcoin, quantity: 0.000647","83b55d30-ed96-4807-a6e0-b833d12602a8","","","",""
"2025-12-02T07:43:42.391Z","2025-12-02","DEFAULT","TRADING","BUY","CRYPTO","Bitcoin","BTC","0.0001570000","77153.9000000000","-12.11","","","EUR","","","","Savings plan execution XF000BTC0017 Bitcoin, quantity: 0.000157","5f0935f8-0bf9-413c-9eff-a6f1cbf8af46","","","",""
"2025-12-02T08:11:56.993271Z","2025-12-02","DEFAULT","CASH","CARD_TRANSACTION","","AMZN Mktp ES*ZX83C2VI4","","","","-52.230000","","","EUR","","","","AMZN Mktp ES*ZX83C2VI4null","019ade1e-44c1-777d-9ff4-661240cb071b","","","","5999"
"2025-12-02T11:00:54.817Z","2025-12-02","DEFAULT","TRADING","BUY","FUND","Physical Swiss Gold USD ","JE00B588CD74","0.0274360000","345.1600000000","-9.47","","","EUR","","","","Savings plan execution JE00B588CD74 WisdomTree Physical Swiss Gold, quantity: 0.027436","fffb7682-d14c-4a74-b013-70b47a09ed17","","","",""
"2025-12-02T11:39:50.200894Z","2025-12-02","DEFAULT","CASH","CARD_TRANSACTION","","E1351 POS HOSPITALET","","","","-30.740000","","","EUR","","","","E1351 POS HOSPITALETnull","019adedc-9838-7ce2-ad8f-b4c5074134c3","","","","5542"
"2025-12-02T11:41:16.355500Z","2025-12-02","DEFAULT","CASH","CARD_TRANSACTION","","CARREF HOSPITALET","","","","-13.010000","","","EUR","","","","CARREF HOSPITALETnull","019adedd-e8c3-7c37-a09c-5414cdc696fa","","","","5411"
"2025-12-02T13:20:07.720702Z","2025-12-02","DEFAULT","CASH","CARD_TRANSACTION","","FIESTA PASTRY","","","","-8.980000","","","EUR","","","","FIESTA PASTRYnull","019adf38-6a28-78d0-ae3a-81508999d6f0","","","","8999"
"2025-12-02T13:22:29.250454Z","2025-12-02","DEFAULT","CASH","CARD_TRANSACTION","","LIDL PAY","","","","-47.900000","","","EUR","","","","LIDL PAYnull","019adf3a-9302-7c18-b6eb-2067b32d9188","","","","5411"
"2025-12-03T12:24:47.564758Z","2025-12-03","DEFAULT","CASH","CARD_TRANSACTION","","BAZAR Y REGALOS","","","","-1.500000","","","EUR","","","","BAZAR Y REGALOSnull","019ae42c-1ccc-7f4e-8b5d-93652a33a231","","","","5947"
"2025-12-03T12:26:28.067371Z","2025-12-03","DEFAULT","CASH","CARD_TRANSACTION","","LIDL PAY","","","","-0.490000","","","EUR","","","","LIDL PAYnull","019ae42d-a563-7171-a214-074bea5ffe47","","","","5411"
"2025-12-04T12:27:51.199830Z","2025-12-04","DEFAULT","CASH","CARD_TRANSACTION","","BON AREA","","","","-7.850000","","","EUR","","","","BON AREAnull","019ae955-461f-70f8-8fa8-986bdbcb4493","","","","5411"
"2025-12-05T09:54:03.551186Z","2025-12-05","DEFAULT","CASH","CARD_TRANSACTION","","Amazon.es*Z128A6A04","","","","-10.840000","","","EUR","","","","Amazon.es*Z128A6A04null","019aedee-d49f-73b8-ae8d-4c03c2d9b36e","","","","5399"
"2025-12-05T13:05:43.236633Z","2025-12-05","DEFAULT","CASH","CARD_TRANSACTION","","PRIMAPRIX BARCELONA II","","","","-1.000000","","","EUR","","","","PRIMAPRIX BARCELONA IInull","019aee9e-4d44-7580-9ab6-381dd56f4bcd","","","","5411"
"2025-12-07T07:22:22.514142Z","2025-12-07","DEFAULT","CASH","CARD_TRANSACTION","","Netflix.com","","","","-6.990000","","","EUR","","","","Netflix.comnull","019af7b0-adb2-7541-b6e8-740e8ec1cd0b","","","","4899"
"2025-12-07T12:20:46.153414Z","2025-12-07","DEFAULT","CASH","CARD_TRANSACTION","","STATIONNEMENT   2384144","","","","-1.200000","","","EUR","","","","STATIONNEMENT   2384144null","019af8c1-ddc9-707c-bac6-167073df8041","","","","7523"
"2025-12-07T12:21:05.868674Z","2025-12-07","DEFAULT","CASH","CARD_TRANSACTION","","PARKING GAMBETTA2649747","","","","-7.000000","","","EUR","","","","PARKING GAMBETTA2649747null","019af8c2-2acc-7611-9265-acffd5963d84","","","","7523"
"2025-12-07T14:12:42.309673Z","2025-12-07","DEFAULT","CASH","CARD_TRANSACTION","","LE TROUVERE","","","","-58.000000","","","EUR","","","","LE TROUVEREnull","019af928-58c5-708c-8013-c231077e5a39","","","","5812"
"2025-12-08T11:58:41.944858Z","2025-12-08","DEFAULT","CASH","CARD_TRANSACTION","","EFFIA","","","","-4.300000","","","EUR","","","","EFFIAnull","019afdd4-0518-789f-b654-8506087c5b9f","","","","7523"
"2025-12-08T12:08:11.913422Z","2025-12-08","DEFAULT","CASH","CARD_TRANSACTION","","LA CABANE A MARI","","","","-9.000000","","","EUR","","","","LA CABANE A MARInull","019afddc-b789-7226-b8db-7d2a562a0286","","","","5411"
"2025-12-09T10:58:32.413Z","2025-12-09","DEFAULT","TRADING","BUY","FUND","Physical Swiss Gold USD ","JE00B588CD74","0.0233230000","345.5800000000","-8.06","","","EUR","","","","Savings plan execution JE00B588CD74 WisdomTree Physical Swiss Gold, quantity: 0.023323","3a405c47-cabf-4b89-afb8-3d3393cbae40","","","",""
"2025-12-09T11:26:24.055088Z","2025-12-09","DEFAULT","CASH","CARD_TRANSACTION","","INTERMARCHE ALEXANI","","","","-18.270000","","","EUR","","","","INTERMARCHE ALEXANInull","019b02dc-cf37-7a3c-bc37-11cc8a9ccaae","","","","5411"
"2025-12-09T12:53:52.555328Z","2025-12-09","DEFAULT","CASH","CARD_TRANSACTION","","AUTOROUTES ASF","","","","-8.500000","","","EUR","","","","AUTOROUTES ASFnull","019b032c-e52b-7d19-a6aa-7d2ebd6c5b2f","","","","4784"
"2025-12-10T13:10:38.746437Z","2025-12-10","DEFAULT","CASH","CARD_TRANSACTION","","LIDL PAY","","","","-48.490000","","","EUR","","","","LIDL PAYnull","019b0862-9b9a-7173-b937-11f537ed023b","","","","5411"
"2025-12-11T08:08:09.178132Z","2025-12-11","DEFAULT","CASH","CARD_TRANSACTION","","LIDL PAY","","","","-4.040000","","","EUR","","","","LIDL PAYnull","019b0c74-06da-718a-b3f3-a0ea4e8289da","","","","5411"
"2025-12-12T13:29:20.789224Z","2025-12-12","DEFAULT","CASH","CARD_TRANSACTION","","AP. JARDINETS DE GRACIA","","","","-11.750000","","","EUR","","","","AP. JARDINETS DE GRACIAnull","019b12c0-7295-7e67-aa3d-e5171c6ed43c","","","","7523"
"2025-12-13T09:16:47.772546Z","2025-12-13","DEFAULT","CASH","CARD_TRANSACTION","","LIDL PAY","","","","-0.650000","","","EUR","","","","LIDL PAYnull","019b16ff-971c-7456-8f66-d26256bba9d8","","","","5411"
"2025-12-13T12:59:40.272905Z","2025-12-13","DEFAULT","CASH","CARD_TRANSACTION","","DULDI","","","","-1.950000","","","EUR","","","","DULDInull","019b17cb-a370-754e-b235-0e7f71944407","","","","5411"
"2025-12-13T13:04:58.990572Z","2025-12-13","DEFAULT","CASH","CARD_TRANSACTION","","FARMACIA DASCA","","","","-9.240000","","","EUR","","","","FARMACIA DASCAnull","019b17d0-806e-7b78-a76b-d24a49455df5","","","","5912"
"2025-12-13T13:06:44.823089Z","2025-12-13","DEFAULT","CASH","CARD_TRANSACTION","","FARMACIA RAQUEL MORENO MU","","","","-14.400000","","","EUR","","","","FARMACIA RAQUEL MORENO MUnull","019b17d2-1dd7-702e-bd99-3c280fa2eb74","","","","5912"
"2025-12-14T09:02:07.330105Z","2025-12-14","DEFAULT","CASH","CARD_TRANSACTION","","LIDL PAY","","","","-0.890000","","","EUR","","","","LIDL PAYnull","019b1c18-83e2-77c2-9a62-8ba9d29de429","","","","5411"
"2025-12-15T08:25:36.430394Z","2025-12-15","DEFAULT","CASH","CARD_TRANSACTION","","AMAZON* ZE31I9HJ4","","","","-13.980000","","","EUR","","","","AMAZON* ZE31I9HJ4null","019b211d-71ae-7269-a448-32182e5a44d0","","","","5999"
"2025-12-15T08:30:04.329693Z","2025-12-15","DEFAULT","CASH","CARD_TRANSACTION","","WWW.AMAZON.* ZE4X69HK4","","","","-11.990000","","","EUR","","","","WWW.AMAZON.* ZE4X69HK4null","019b2121-8829-7fdf-83b7-f1744704f60b","","","","5399"
"2025-12-16T10:59:04.819Z","2025-12-16","DEFAULT","TRADING","BUY","FUND","Physical Swiss Gold USD ","JE00B588CD74","0.0113480000","348.0600000000","-3.95","","","EUR","","","","Savings plan execution JE00B588CD74 WisdomTree Physical Swiss Gold, quantity: 0.011348","6863884d-5943-474f-b354-bfa6c6a11f9b","","","",""
"2025-12-16T12:26:18.041210Z","2025-12-16","DEFAULT","CASH","CARD_TRANSACTION","","www.groupon.es","","","","-16.990000","","","EUR","","","","www.groupon.esnull","019b2720-2a39-7750-8d5b-0867bebb89a6","","","","7278"
"2025-12-16T17:22:50.425075Z","2025-12-16","DEFAULT","CASH","CARD_TRANSACTION","","ANACAR","","","","-53.690000","","","EUR","","","","ANACARnull","019b282f-a7b9-79cd-93ac-8b74ea618257","","","","5947"
"2025-12-17T13:23:31.473983Z","2025-12-17","DEFAULT","CASH","CARD_TRANSACTION","","LIDL PAY","","","","-33.550000","","","EUR","","","","LIDL PAYnull","019b2c7a-ea11-7130-8344-84a15cd9cdaf","","","","5411"
"2025-12-17T13:24:07.277232Z","2025-12-17","DEFAULT","CASH","CARD_TRANSACTION","","BAZAR Y REGALOS","","","","-4.250000","","","EUR","","","","BAZAR Y REGALOSnull","019b2c7b-75ed-79a7-ab1a-9490e640b5a1","","","","5947"
"2025-12-17T14:06:02.294377Z","2025-12-17","DEFAULT","CASH","CARD_TRANSACTION","","AMZN Mktp ES*ZP73K1JL4","","","","-27.990000","","","EUR","","","","AMZN Mktp ES*ZP73K1JL4null","019b2ca1-d636-7796-8e37-fee8a36394cc","","","","5999"
"2025-12-18T07:22:13.255227Z","2025-12-18","DEFAULT","CASH","CARD_TRANSACTION","","CASA MARCELINO","","","","-9.900000","","","EUR","","","","CASA MARCELINOnull","019b3056-7d87-7fdf-a702-4aa823e51193","","","","5812"
"2025-12-18T10:26:24.766410Z","2025-12-18","DEFAULT","CASH","CARD_TRANSACTION","","UBER   *ONE MEMBERSHIP","","","","-4.990000","","","EUR","","","","UBER   *ONE MEMBERSHIPnull","019b30ff-1f7e-7bef-be55-fed1fd5f91e6","","","","5968"
"2025-12-20T11:09:15.187719Z","2025-12-20","DEFAULT","CASH","CARD_TRANSACTION","","UBER   *EATS","","","","-18.180000","","","EUR","","","","UBER   *EATSnull","019b3b73-1033-771b-bd19-b6c118b9333a","","","","5812"
"2025-12-22T10:25:33.407935Z","2025-12-22","DEFAULT","CASH","CARD_TRANSACTION","","E1351 POS HOSPITALET","","","","-12.210000","","","EUR","","","","E1351 POS HOSPITALETnull","019b4597-c6df-7fe9-abf1-a286014c0686","","","","5542"
"2025-12-23T08:34:02.943444Z","2025-12-23","DEFAULT","CASH","CARD_TRANSACTION","","AMZN Mktp ES*ZD95O28R4","","","","-24.950000","","","EUR","","","","AMZN Mktp ES*ZD95O28R4null","019b4a58-0c3f-70f1-a12e-e0c558a2aba4","","","","5999"
"2025-12-23T10:59:27.110Z","2025-12-23","DEFAULT","TRADING","BUY","FUND","Physical Swiss Gold USD ","JE00B588CD74","0.0081650000","363.7200000000","-2.97","","","EUR","","","","Savings plan execution JE00B588CD74 WITR MET.SEC.Z09/UN.XAU, quantity: 0.008165","6210c71d-c650-46c3-9833-805c1d74d19b","","","",""
"2025-12-24T12:10:39.065326Z","2025-12-24","DEFAULT","CASH","DIVIDEND","FUND","US Treasury Bond 20+y USD (Dist)","IE00BSKRJZ44","312.5488350000","","19.490000","","-3.70","EUR","22.97","USD","0.848464","Cash Dividend for ISIN IE00BSKRJZ44","019b5044-b659-7f53-a100-80928e760bfe","","","",""
"2025-12-24T11:46:34.529745Z","2025-12-24","DEFAULT","CASH","CARD_TRANSACTION","","JUGUETTOS","","","","-18.990000","","","EUR","","","","JUGUETTOSnull","019b502e-aba1-762b-a2fc-c93ab911422d","","","","5945"
"2025-12-24T14:00:19.831302Z","2025-12-24","DEFAULT","CASH","CARD_TRANSACTION","","BON PREU S A U","","","","-16.210000","","","EUR","","","","BON PREU S A Unull","019b50a9-2077-7078-95f8-cf1736214f3f","","","","5411"
"2025-12-24T14:03:21.809962Z","2025-12-24","DEFAULT","CASH","CARD_TRANSACTION","","LIDL PAY","","","","-37.000000","","","EUR","","","","LIDL PAYnull","019b50ab-e751-7bef-86d7-fc5511f4be73","","","","5411"
"2025-12-24T14:09:36.722307Z","2025-12-24","DEFAULT","CASH","CARD_TRANSACTION","","GARDEN PIZZA HOSPITALET","","","","-33.200000","","","EUR","","","","GARDEN PIZZA HOSPITALETnull","019b50b1-9fd2-7816-b0f8-bc8b1df46cbb","","","","5812"
"2025-12-24T14:13:15.431720Z","2025-12-24","DEFAULT","CASH","CARD_TRANSACTION","","ESPUCARN HOSPITALET","","","","-2.000000","","","EUR","","","","ESPUCARN HOSPITALETnull","019b50b4-f627-76ff-86a5-eedcb9b3e46d","","","","5411"
"2025-12-27T10:17:46.308896Z","2025-12-27","DEFAULT","CASH","CARD_TRANSACTION","","GOLDEN POP","","","","-40.000000","","","EUR","","","","GOLDEN POPnull","019b5f50-7244-7b7a-a19a-c2daa59a67d3","","","","7832"
"2025-12-28T08:36:23.454798Z","2025-12-28","DEFAULT","CASH","CARD_TRANSACTION","","LIDL PAY","","","","-18.570000","","","EUR","","","","LIDL PAYnull","019b6419-fd1e-769b-acf4-61eb92045496","","","","5411"
"2025-12-28T09:37:56.257190Z","2025-12-28","DEFAULT","CASH","CARD_TRANSACTION","","UBER   *EATS","","","","-41.120000","","","EUR","","","","UBER   *EATSnull","019b6452-5621-7155-a35a-34e36d5b2ba7","","","","5812"
"2025-12-29T09:50:52.529843Z","2025-12-29","DEFAULT","CASH","TRANSFER_INSTANT_INBOUND","","","","","","2000.000000","","","EUR","","","","Incoming transfer from JAVIER RODRIGUEZ SERRANO (ES0721000602770101098778)","019b6984-8a71-70f3-9efe-4298f841c830","","","",""
"2025-12-29T10:09:53.787933Z","2025-12-29","DEFAULT","CASH","CARD_TRANSACTION","","E1351 POS HOSPITALET","","","","-36.600000","","","EUR","","","","E1351 POS HOSPITALETnull","019b6995-f47b-727e-a0fd-0c1e0bc742f5","","","","5542"
"2025-12-29T11:24:17.411385Z","2025-12-29","DEFAULT","CASH","CARD_TRANSACTION","","PRIMARK DIAGONAL MAR","","","","-4.000000","","","EUR","","","","PRIMARK DIAGONAL MARnull","019b69da-1083-76fb-a021-2d38c855ab36","","","","5651"
"2025-12-30T13:38:21.179881Z","2025-12-30","DEFAULT","CASH","CARD_TRANSACTION","","","","","","15.980000","","","EUR","","","","DECATHLON LHOSPITALETnull","019b6f7b-297b-7d21-87fa-9416ce3ed959","","","",""
"2025-12-30T11:46:00.213225Z","2025-12-30","DEFAULT","CASH","CARD_TRANSACTION","","CARREF HOSPITALET","","","","-58.060000","","","EUR","","","","CARREF HOSPITALETnull","019b6f14-4d95-7cb9-870e-f936a9139dce","","","","5411"
"2025-12-30T13:20:00.519652Z","2025-12-30","DEFAULT","CASH","CARD_TRANSACTION","","LIDL PAY","","","","-72.660000","","","EUR","","","","LIDL PAYnull","019b6f6a-5e07-7832-956c-f5e6fead380d","","","","5411"
"2025-12-30T13:21:32.350815Z","2025-12-30","DEFAULT","CASH","CARD_TRANSACTION","","DECATHLON LHOSPITALET","","","","-48.970000","","","EUR","","","","DECATHLON LHOSPITALETnull","019b6f6b-c4be-7520-b810-171b13b55f59","","","","5941"
"2025-12-30T13:24:21.548119Z","2025-12-30","DEFAULT","CASH","CARD_TRANSACTION","","LA SIRENA","","","","-29.890000","","","EUR","","","","LA SIRENAnull","019b6f6e-59ac-7ec8-b434-dccd8e84a7b3","","","","5411"
"2025-12-30T13:24:33.627669Z","2025-12-30","DEFAULT","CASH","CARD_TRANSACTION","","CONSUM BATLLORI 34","","","","-14.250000","","","EUR","","","","CONSUM BATLLORI 34null","019b6f6e-88db-773e-9f84-cd4ffaadf30c","","","","5411"
"2025-12-30T13:25:36.499176Z","2025-12-30","DEFAULT","CASH","CARD_TRANSACTION","","BARA STORE CAMP NOU PC","","","","-9.990000","","","EUR","","","","BARA STORE CAMP NOU PCnull","019b6f6f-7e73-78df-9424-316fa61c834d","","","","5945"
"2025-12-30T13:35:21.789035Z","2025-12-30","DEFAULT","CASH","CARD_TRANSACTION","","TEZENIS GRAN VIA 2","","","","-24.990000","","","EUR","","","","TEZENIS GRAN VIA 2null","019b6f78-6cbd-7d3b-b00a-1f33bc7b2149","","","","5651"
"2025-12-31T13:21:02.468659Z","2025-12-31","DEFAULT","CASH","TRANSFER_INSTANT_INBOUND","","","","","","1000.000000","","","EUR","","","","Incoming transfer from JAVIER RODRIGUEZ SERRANO (ES0721000602770101098778)","019b7491-ac04-73a9-9a8e-67985dfa0cc1","","","",""
"2025-12-31T09:01:13.834432Z","2025-12-31","DEFAULT","CASH","CARD_TRANSACTION","","LIDL PAY","","","","-6.980000","","","EUR","","","","LIDL PAYnull","019b73a3-ceea-78cc-bd69-c6066d8fa74b","","","","5411"
"2025-12-31T09:14:11.839650Z","2025-12-31","DEFAULT","CASH","CARD_TRANSACTION","","STAR LLAR","","","","-6.500000","","","EUR","","","","STAR LLARnull","019b73af-adff-7a32-8a9e-19baef4d1a8b","","","","5251"
"2025-12-31T13:28:55.015986Z","2025-12-31","DEFAULT","CASH","CARD_TRANSACTION","","BAZAR Y REGALOS","","","","-4.950000","","","EUR","","","","BAZAR Y REGALOSnull","019b7498-e1e7-7878-8cfe-431ffdf84238","","","","5251"
"2026-01-01T15:26:57.982495Z","2026-01-01","DEFAULT","CASH","BENEFITS_SAVEBACK","","","","","","11.660000","","-2.22","EUR","","",""," Saveback cash reward 79ba7598-515f-4c8f-973a-6b9fae7b100a for reservation: 1346d811-ed35-420c-ae29-353b733ad387","019b7a2b-51be-7d03-b9dc-a35e73dea307","","","",""
"2026-01-01T15:26:58.032137Z","2026-01-01","DEFAULT","CASH","INTEREST_PAYMENT","","","","","","14.120000","","-2.68","EUR","","","","Interest payment for payout collection 019b77e3-5434-7084-a65a-a11387006f4d","019b7a2b-51f0-7d65-9b0a-eb901a4d150f","","","",""
"2026-01-01T11:34:50.140468Z","2026-01-01","DEFAULT","CASH","CARD_TRANSACTION","","LIDL PAY","","","","-6.980000","","","EUR","","","","LIDL PAYnull","019b7956-cc1c-7488-a9ca-ebec8308cf3d","","","","5411"
"2026-01-01T11:44:00.240989Z","2026-01-01","DEFAULT","CASH","CARD_TRANSACTION","","IHSAN FRUTAS Y VERDURAS","","","","-0.800000","","","EUR","","","","IHSAN FRUTAS Y VERDURASnull","019b795f-30f0-7fa4-9f63-6d9f89529ba3","","","","5411"
"2026-01-02T07:48:36.150Z","2026-01-02","DEFAULT","TRADING","BUY","CRYPTO","Bitcoin","BTC","0.0006400000","78088.1500000000","-49.98","","","EUR","","","","Savings plan execution XF000BTC0017 Bitcoin, quantity: 0.000640","4a0cdb71-a32f-491e-a237-0d3ffbc8d0ef","","","",""
"2026-01-02T07:50:26.832Z","2026-01-02","DEFAULT","TRADING","BUY","CRYPTO","Bitcoin","BTC","0.0001200000","78115.8400000000","-9.37","","","EUR","","","","Savings plan execution XF000BTC0017 Bitcoin, quantity: 0.000120","bfe0d345-7976-4b6b-87d4-cee35cd0e7a7","","","",""
"2026-01-02T11:01:42.647Z","2026-01-02","DEFAULT","TRADING","BUY","FUND","Physical Swiss Gold USD ","JE00B588CD74","0.0313120000","358.9600000000","-11.24","","","EUR","","","","Savings plan execution JE00B588CD74 WITR MET.SEC.Z09/UN.XAU, quantity: 0.031312","1ec605d2-a836-4768-9cfa-573dfb8dcd30","","","",""
"2026-01-03T09:22:56.848945Z","2026-01-03","DEFAULT","CASH","CARD_TRANSACTION","","Amazon.es*ZG2L35134","","","","-23.800000","","","EUR","","","","Amazon.es*ZG2L35134null","019b832a-c4d0-73ad-9a88-a051dc3ecec3","","","","5399"
"2026-01-03T11:56:59.630743Z","2026-01-03","DEFAULT","CASH","CARD_TRANSACTION","","ZEEMAN L HOSPITALET DE LL","","","","-5.480000","","","EUR","","","","ZEEMAN L HOSPITALET DE LLnull","019b83b7-cd6e-7301-a197-4697c6e5aec3","","","","5611"
"2026-01-03T12:58:27.708943Z","2026-01-03","DEFAULT","CASH","CARD_TRANSACTION","","BON PREU S A U","","","","-3.710000","","","EUR","","","","BON PREU S A Unull","019b83f0-13fc-7195-9065-05b18621ecbd","","","","5411"
"2026-01-03T12:59:04.076903Z","2026-01-03","DEFAULT","CASH","CARD_TRANSACTION","","LIDL PAY","","","","-28.920000","","","EUR","","","","LIDL PAYnull","019b83f0-a20c-712e-8bb3-ffc471a59ba9","","","","5411"
"2026-01-03T13:03:29.827358Z","2026-01-03","DEFAULT","CASH","CARD_TRANSACTION","","BON AREA","","","","-4.540000","","","EUR","","","","BON AREAnull","019b83f4-b023-7ed3-a9ba-e99fea27292f","","","","5411"
"2026-01-03T13:18:20.340544Z","2026-01-03","DEFAULT","CASH","CARD_TRANSACTION","","FARMACIA RAQUEL MORENO MU","","","","-10.520000","","","EUR","","","","FARMACIA RAQUEL MORENO MUnull","019b8402-46b4-7260-82e0-bab7643806d9","","","","5912"
"2026-01-04T09:04:01.238963Z","2026-01-04","DEFAULT","CASH","CARD_TRANSACTION","","MERCADONA PRAT DE LA RIBA","","","","-28.470000","","","EUR","","","","MERCADONA PRAT DE LA RIBAnull","019b883f-ccd6-780a-af79-1fbc1b3af498","","","","5411"
"2026-01-04T09:16:55.861642Z","2026-01-04","DEFAULT","CASH","CARD_TRANSACTION","","Amazon.es*ZG54D3QL4","","","","-11.250000","","","EUR","","","","Amazon.es*ZG54D3QL4null","019b884b-9eb5-7218-92b0-42e8b41c24d0","","","","5399"
"2026-01-04T12:27:32.864643Z","2026-01-04","DEFAULT","CASH","CARD_TRANSACTION","","CONSUM BATLLORI 34","","","","-2.950000","","","EUR","","","","CONSUM BATLLORI 34null","019b88fa-2280-7d4b-bdfb-c11da5f4d871","","","","5411"
"2026-01-05T10:59:19.526219Z","2026-01-05","DEFAULT","CASH","CARD_TRANSACTION","","BAZAR Y REGALOS","","","","-1.400000","","","EUR","","","","BAZAR Y REGALOSnull","019b8dcf-b966-7517-ba9e-edad0171479c","","","","5251"
"2026-01-05T11:04:31.269385Z","2026-01-05","DEFAULT","CASH","CARD_TRANSACTION","","CAPRABO 415 LA FARGA","","","","-5.230000","","","EUR","","","","CAPRABO 415 LA FARGAnull","019b8dd4-7b25-79a2-a6c3-d8e25e31e244","","","","5411"
"2026-01-07T07:15:35.940954Z","2026-01-07","DEFAULT","CASH","CARD_TRANSACTION","","Netflix.com","","","","-6.990000","","","EUR","","","","Netflix.comnull","019b974f-9d84-7d12-a91e-f950a353c995","","","","4899"
"2026-01-09T09:07:39.264771Z","2026-01-09","DEFAULT","CASH","CARD_TRANSACTION","","Amazon.es*ZC53K4QL4","","","","-4.910000","","","EUR","","","","Amazon.es*ZC53K4QL4null","019ba202-ec80-7314-8431-0bd98a48122b","","","","5399"
"2026-01-09T10:58:07.846Z","2026-01-09","DEFAULT","TRADING","BUY","FUND","Physical Swiss Gold USD ","JE00B588CD74","0.0110240000","367.3800000000","-4.05","","","EUR","","","","Savings plan execution JE00B588CD74 WITR MET.SEC.Z09/UN.XAU, quantity: 0.011024","f90749ea-0769-4bd2-a104-d4b8d41c6155","","","",""
"2026-01-09T12:13:30.182849Z","2026-01-09","DEFAULT","CASH","CARD_TRANSACTION","","LIDL PAY","","","","-35.830000","","","EUR","","","","LIDL PAYnull","019ba2ad-12c6-7aea-b6e6-729514939aa0","","","","5411"
"2026-01-11T09:09:24.320270Z","2026-01-11","DEFAULT","CASH","CARD_TRANSACTION","","MERCADONA PRAT DE LA RIBA","","","","-2.750000","","","EUR","","","","MERCADONA PRAT DE LA RIBAnull","019bac51-3ee0-7868-a0f8-71974fa0a737","","","","5411"
"2026-01-11T09:10:14.145248Z","2026-01-11","DEFAULT","CASH","CARD_TRANSACTION","","BON AREA","","","","-14.630000","","","EUR","","","","BON AREAnull","019bac52-0181-776d-abc4-cf0dd4890b3a","","","","5411"
"2026-01-11T09:15:07.346616Z","2026-01-11","DEFAULT","CASH","CARD_TRANSACTION","","BAZAR Y REGALOS","","","","-2.800000","","","EUR","","","","BAZAR Y REGALOSnull","019bac56-7ad2-78ff-a6ee-068ee270dd9f","","","","5251"
"2026-01-13T07:20:55.880646Z","2026-01-13","DEFAULT","CASH","CARD_TRANSACTION","","Coaliment Calle Paris 45","","","","-1.000000","","","EUR","","","","Coaliment Calle Paris 45null","019bb63a-a748-7d09-9d03-78468f00c26d","","","","5411"
"2026-01-13T09:44:30.793Z","2026-01-13","DEFAULT","TRADING","SELL","FUND","Russell 2000 USD (Acc)","IE00BJZ2DD79","-4.8661040000","332.8500000000","1619.68","-1.00","","EUR","","","","Sell trade IE00BJZ2DD79 Xtrackers (IE) Plc - Xtrackers Russell 2000 UCITS ETF 1C, quantity: 4.866104","810c5fc9-1134-43b3-8265-759258042ad6","","","",""
"2026-01-13T09:47:45.067Z","2026-01-13","DEFAULT","TRADING","BUY","FUND","Physical Silver","IE00B4NCWG09","14.0000000000","69.8950000000","-978.53","-1.00","","EUR","","","","Buy trade IE00B4NCWG09 iShares Physical Silver ETC, quantity: 14.0","2d3d953e-366f-40f5-9d24-b5df601059ed","","","",""
"2026-01-13T09:47:45.069Z","2026-01-13","DEFAULT","TRADING","BUY","FUND","Physical Silver","IE00B4NCWG09","0.3065600000","69.8950000000","-21.43","","","EUR","","","","Buy trade IE00B4NCWG09 iShares Physical Silver ETC, quantity: 0.30656","aae1fd24-9ac9-4274-85dc-941f47e8800f","","","",""
"2026-01-13T11:58:16.480133Z","2026-01-13","DEFAULT","CASH","CARD_TRANSACTION","","T MOBILITAT. APP","","","","-13.550000","","","EUR","","","","T MOBILITAT. APPnull","019bb738-91a0-73a5-83b0-a0ae02077021","","","","4111"
"2026-01-14T12:11:14.830080Z","2026-01-14","DEFAULT","CASH","CARD_TRANSACTION","","LIDL PAY","","","","-24.440000","","","EUR","","","","LIDL PAYnull","019bbc6a-ce0e-70c0-9a68-d53a56743980","","","","5411"
"2026-01-15T11:42:13.398519Z","2026-01-15","DEFAULT","CASH","CARD_TRANSACTION","","MERCADONA PRAT DE LA RIBA","","","","-0.390000","","","EUR","","","","MERCADONA PRAT DE LA RIBAnull","019bc176-9796-7647-a8e6-8652b4c36d01","","","","5411"
"2026-01-15T11:58:36.272503Z","2026-01-15","DEFAULT","CASH","CARD_TRANSACTION","","ESPUCARN HOSPITALET","","","","-1.500000","","","EUR","","","","ESPUCARN HOSPITALETnull","019bc185-96f0-747e-ac39-3633ac2aeb78","","","","5411"
"2026-01-15T12:00:44.025063Z","2026-01-15","DEFAULT","CASH","CARD_TRANSACTION","","TEAM POWER MOTOS SL","","","","-163.420000","","","EUR","","","","TEAM POWER MOTOS SLnull","019bc187-89f9-797f-9d10-bd0e5c12f762","","","","7538"
"2026-01-16T08:54:51.905931Z","2026-01-16","DEFAULT","CASH","CARD_TRANSACTION","","LIDL PAY","","","","-1.330000","","","EUR","","","","LIDL PAYnull","019bc603-bb01-7694-891f-6e748250727a","","","","5411"
"2026-01-16T09:03:13.453875Z","2026-01-16","DEFAULT","CASH","CARD_TRANSACTION","","FARMACIA RAQUEL MORENO MU","","","","-7.180000","","","EUR","","","","FARMACIA RAQUEL MORENO MUnull","019bc60b-622d-79cd-b3c1-59b759b60411","","","","5912"
"2026-01-16T09:45:17.489341Z","2026-01-16","DEFAULT","CASH","CARD_TRANSACTION","","NYX*TECNOTRON","","","","-6.000000","","","EUR","","","","NYX*TECNOTRONnull","019bc631-e5b1-75f6-9898-7ba543b7c7f8","","","","5499"
"2026-01-16T10:59:38.644Z","2026-01-16","DEFAULT","TRADING","BUY","FUND","Physical Swiss Gold USD ","JE00B588CD74","0.0184880000","379.1600000000","-7.01","","","EUR","","","","Savings plan execution JE00B588CD74 WITR MET.SEC.Z09/UN.XAU, quantity: 0.018488","60fc1eed-7d93-4251-b1b1-7f57f399dbad","","","",""
"2026-01-17T08:13:15.081198Z","2026-01-17","DEFAULT","CASH","CARD_TRANSACTION","","AMZN Mktp ES*QG2HL8VH5","","","","-69.990000","","","EUR","","","","AMZN Mktp ES*QG2HL8VH5null","019bcb03-fdc9-7114-ae05-60ba07bc2b43","","","","5999"
"2026-01-17T12:27:36.485461Z","2026-01-17","DEFAULT","CASH","CARD_TRANSACTION","","LIDL PAY","","","","-9.320000","","","EUR","","","","LIDL PAYnull","019bcbec-dca5-7b61-be99-88faa8c820b7","","","","5411"
"2026-01-18T08:39:38.419896Z","2026-01-18","DEFAULT","CASH","CARD_TRANSACTION","","FARMACIA CARMEN MARTI","","","","-3.980000","","","EUR","","","","FARMACIA CARMEN MARTInull","019bd042-82b3-7dc8-9f3e-1036b985dfd6","","","","5912"
"2026-01-18T08:41:49.624576Z","2026-01-18","DEFAULT","CASH","CARD_TRANSACTION","","COALIMENT JOSEP T. I JOAN","","","","-0.850000","","","EUR","","","","COALIMENT JOSEP T. I JOANnull","019bd044-8338-7cdd-81fb-ca1309b2d306","","","","5411"
"2026-01-18T09:33:33.060201Z","2026-01-18","DEFAULT","CASH","CARD_TRANSACTION","","Hotel at Booking.com","","","","-610.570000","","","EUR","","","","Hotel at Booking.comnull","019bd073-de04-774b-9355-6d36890d9c0f","","","","7011"
"2026-01-19T07:54:02.916Z","2026-01-19","DEFAULT","TRADING","SELL","FUND","Physical Silver","IE00B4NCWG09","-0.3065600000","75.9050000000","23.27","","-0.37","EUR","","","","Sell trade IE00B4NCWG09 iShares Physical Silver ETC, quantity: 0.30656","360057b2-30c7-49b9-b505-ce0ecea33fa7","","","",""
"2026-01-19T07:54:02.918Z","2026-01-19","DEFAULT","TRADING","SELL","FUND","Physical Silver","IE00B4NCWG09","-14.0000000000","75.9050000000","1062.67","-1.00","-16.80","EUR","","","","Sell trade IE00B4NCWG09 iShares Physical Silver ETC, quantity: 14.0","74b706ac-5221-4f5e-86f2-c0cc779b8189","","","",""
"2026-01-19T09:05:53.439Z","2026-01-19","DEFAULT","TRADING","BUY","FUND","IBEX 35 EUR (Acc)","FR0010655746","2.2439130000","445.6500000000","-1000.00","-1.00","","EUR","","","","Buy trade FR0010655746 MULTI UNITS FRANCE - Amundi IBEX 35 UCITS ETF Acc, quantity: 2.243913","5fac983f-4679-452f-9538-584a7b5e774c","","","",""
"2026-01-20T12:21:05.401689Z","2026-01-20","DEFAULT","CASH","CARD_TRANSACTION","","LIDL PAY","","","","-29.120000","","","EUR","","","","LIDL PAYnull","019bdb59-f8f9-71d8-8883-5ddef30832f2","","","","5411"
"2026-01-22T13:09:58.809419Z","2026-01-22","DEFAULT","CASH","CARD_TRANSACTION","","RESTAURANTE MARCELINO","","","","-10.500000","","","EUR","","","","RESTAURANTE MARCELINOnull","019be5d3-7399-7c1f-bb32-2626b816be4a","","","","5812"
"2026-01-23T10:58:15.826Z","2026-01-23","DEFAULT","TRADING","BUY","FUND","Physical Swiss Gold USD ","JE00B588CD74","0.0079400000","401.7600000000","-3.19","","","EUR","","","","Savings plan execution JE00B588CD74 WITR MET.SEC.Z09/UN.XAU, quantity: 0.007940","d1b6d43f-4cba-4828-a062-4c283ae1bbb0","","","",""
"2026-01-23T12:44:25.230178Z","2026-01-23","DEFAULT","CASH","CARD_TRANSACTION","","LIDL PAY","","","","-1.480000","","","EUR","","","","LIDL PAYnull","019beae2-690e-76ae-920b-3f304e2dc444","","","","5411"
"2026-01-24T09:57:10.662069Z","2026-01-24","DEFAULT","CASH","CARD_TRANSACTION","","Temu.com","","","","-6.020000","","","EUR","","","","Temu.comnull","019bef6f-a786-7a19-9a2b-81c0f44c72da","","","","5311"
"2026-01-25T07:22:41.613316Z","2026-01-25","DEFAULT","CASH","CARD_TRANSACTION","","Panaderia Degust. Verges","","","","-6.100000","","","EUR","","","","Panaderia Degust. Vergesnull","019bf408-944d-79da-b422-bc1c3beae8f1","","","","5813"
"2026-01-25T08:44:53.477046Z","2026-01-25","DEFAULT","CASH","CARD_TRANSACTION","","RCH KIWICO","","","","-24.490000","","","EUR","","","","RCH KIWICOnull","019bf453-d565-7564-a1bd-719726f4cefe","","","","5945"
"2026-01-25T08:48:45.126073Z","2026-01-25","DEFAULT","CASH","CARD_TRANSACTION","","MERCADONA PRAT DE LA RIBA","","","","-13.130000","","","EUR","","","","MERCADONA PRAT DE LA RIBAnull","019bf457-5e46-76f3-a2ae-789fb7cf4133","","","","5411"
"2026-01-27T12:43:09.554095Z","2026-01-27","DEFAULT","CASH","CARD_TRANSACTION","","LIDL PAY","","","","-30.860000","","","EUR","","","","LIDL PAYnull","019bff7a-b172-7bb1-8085-88eb9907f2a4","","","","5411"
"2026-01-28T12:56:52.002573Z","2026-01-28","DEFAULT","CASH","CARD_TRANSACTION","","LIDL PAY","","","","-3.340000","","","EUR","","","","LIDL PAYnull","019c04ad-9a22-755d-bc81-c02a4596d2c4","","","","5411"
"2026-01-29T13:14:40.632008Z","2026-01-29","DEFAULT","CASH","CARD_TRANSACTION","","CASA MARCELINO","","","","-7.800000","","","EUR","","","","CASA MARCELINOnull","019c09e4-4478-7a5b-a480-380d1c6f7865","","","","5812"
"2026-02-01T00:30:48.232428Z","2026-02-01","DEFAULT","CASH","BENEFITS_SAVEBACK","","","","","","12.290000","","-2.34","EUR","","",""," Saveback cash reward ecb807a2-697e-458f-8142-54cb97e209f8 for reservation: 8cfc3539-0f09-45d8-8f67-254bc8a520e8","019c169b-ffa8-78c2-ab74-7ca170260c9e","","","",""
"2026-02-01T02:00:05.133299Z","2026-02-01","DEFAULT","CASH","INTEREST_PAYMENT","","","","","","17.260000","","-3.28","EUR","","","","Interest payment for payout collection 019c16e5-33cf-7cb3-930b-965e88465d68","019c16ed-bd0d-793c-85ff-172b636e4bc6","","","",""
"2026-02-01T14:01:18.346313Z","2026-02-01","DEFAULT","CASH","CARD_TRANSACTION","","KASHMIR","","","","-0.500000","","","EUR","","","","KASHMIRnull","019c1982-090a-7cb5-9739-84819392ab1d","","","","5411"
"2026-02-01T14:05:31.930013Z","2026-02-01","DEFAULT","CASH","CARD_TRANSACTION","","FRANKFURT CENTRO","","","","-12.400000","","","EUR","","","","FRANKFURT CENTROnull","019c1985-e79a-784f-9b86-b909dd05a735","","","","5812"
"2026-02-02T08:20:32.774Z","2026-02-02","DEFAULT","TRADING","BUY","CRYPTO","Bitcoin","BTC","0.0001490000","66691.5300000000","-9.94","","","EUR","","","","Savings plan execution XF000BTC0017 Bitcoin, quantity: 0.000149","44a675ba-8436-4849-8c19-8397743c5460","","","",""
"2026-02-02T08:22:21.486Z","2026-02-02","DEFAULT","TRADING","BUY","CRYPTO","Bitcoin","BTC","0.0007460000","66946.8100000000","-49.94","","","EUR","","","","Savings plan execution XF000BTC0017 Bitcoin, quantity: 0.000746","39daca14-2151-43f2-818f-eddd419792fa","","","",""
"2026-02-02T11:17:53.002Z","2026-02-02","DEFAULT","TRADING","BUY","FUND","Physical Swiss Gold USD ","JE00B588CD74","0.0152760000","379.6600000000","-5.80","","","EUR","","","","Savings plan execution JE00B588CD74 WITR MET.SEC.Z09/UN.XAU, quantity: 0.015276","6b95d257-6dc6-4882-bf5b-1150ec1a8e82","","","",""
"2026-02-03T10:01:10.061498Z","2026-02-03","DEFAULT","CASH","CARD_TRANSACTION","","ETIHADAIR   6074419518823","","","","-12.790000","","","EUR","","","","ETIHADAIR   6074419518823null","019c22f2-e6ad-771c-9a57-f640fdf3eeef","","","","3034"
"2026-02-03T10:01:10.107420Z","2026-02-03","DEFAULT","CASH","CARD_TRANSACTION","","ETIHADAIR   6074419518820","","","","-16.340000","","","EUR","","","","ETIHADAIR   6074419518820null","019c22f2-e6db-7f25-bdfb-ec37d813b9c2","","","","3034"
"2026-02-03T10:01:11.077805Z","2026-02-03","DEFAULT","CASH","CARD_TRANSACTION","","ETIHADAIR   6074419518821","","","","-20.090000","","","EUR","","","","ETIHADAIR   6074419518821null","019c22f2-eaa5-7dd4-841d-4627bd919d51","","","","3034"
"2026-02-03T10:01:11.039580Z","2026-02-03","DEFAULT","CASH","CARD_TRANSACTION","","ETIHADAIR   6074419518822","","","","-20.090000","","","EUR","","","","ETIHADAIR   6074419518822null","019c22f2-ea7f-7daf-a3ae-4b64f3f2cbd4","","","","3034"
"2026-02-03T10:01:11.133175Z","2026-02-03","DEFAULT","CASH","CARD_TRANSACTION","","ETIHADAIR   6074419518824","","","","-12.790000","","","EUR","","","","ETIHADAIR   6074419518824null","019c22f2-eadd-70eb-a3f0-55f6310c5a03","","","","3034"
"2026-02-03T10:01:11.133240Z","2026-02-03","DEFAULT","CASH","CARD_TRANSACTION","","ETIHADAIR   6074419518825","","","","-16.560000","","","EUR","","","","ETIHADAIR   6074419518825null","019c22f2-eadd-7051-9ace-e70f0104a97a","","","","3034"
"2026-02-03T10:01:12.219869Z","2026-02-03","DEFAULT","CASH","CARD_TRANSACTION","","ETIHADAIR   6074419518826","","","","-16.560000","","","EUR","","","","ETIHADAIR   6074419518826null","019c22f2-ef1b-7e36-9101-5e2c2392951b","","","","3034"
"2026-02-03T07:21:39.864776Z","2026-02-03","DEFAULT","CASH","CARD_TRANSACTION","","","","","","10.910000","","","EUR","","","","Temu.comnull","019c2260-df18-73e9-94c3-8b7305b2fcd2","","","",""
"2026-02-03T10:01:10.158964Z","2026-02-03","DEFAULT","CASH","CARD_TRANSACTION","","ETIHADAIR   6074419518819","","","","-16.340000","","","EUR","","","","ETIHADAIR   6074419518819null","019c22f2-e70e-7142-8998-6e16f6af0185","","","","3034"
"2026-02-03T13:05:47.087765Z","2026-02-03","DEFAULT","CASH","CARD_TRANSACTION","","LIDL PAY","","","","-36.620000","","","EUR","","","","LIDL PAYnull","019c239b-ec4f-788a-a6aa-814de0b8059f","","","","5411"
"2026-02-03T13:13:27.312572Z","2026-02-03","DEFAULT","CASH","CARD_TRANSACTION","","BAZAR Y REGALOS","","","","-4.000000","","","EUR","","","","BAZAR Y REGALOSnull","019c23a2-f210-70fa-91f9-57b2cef6d08e","","","","5251"
"2026-02-04T07:46:30.839Z","2026-02-04","DEFAULT","TRADING","SELL","CRYPTO","Bitcoin","BTC","-0.0357910000","63391.6200000000","2268.85","-1.00","","EUR","","","","Sell trade XF000BTC0017 Bitcoin, quantity: 0.035791","b948dbbd-2a7a-4124-886f-e42ddaaed355","","","",""
"2026-02-05T09:42:59.391Z","2026-02-05","DEFAULT","TRADING","BUY","FUND","FTSE China USD (Acc)","IE00BHZRR147","35.6760610000","28.0300000000","-1000.00","-1.00","","EUR","","","","Buy trade IE00BHZRR147 Franklin Templeton ICAV - Franklin FTSE China UCITS ETF, quantity: 35.676061","28a14b16-e0cd-4568-b575-a6a0815b0349","","","",""
"2026-02-05T12:39:54.698943Z","2026-02-05","DEFAULT","CASH","CARD_TRANSACTION","","CASA MARCELINO","","","","-7.150000","","","EUR","","","","CASA MARCELINOnull","019c2dd0-f44a-7474-9676-428ec873402f","","","","5812"
"2026-02-06T12:47:19.946774Z","2026-02-06","DEFAULT","CASH","CARD_TRANSACTION","","FRANKFURT CENTRO","","","","-17.300000","","","EUR","","","","FRANKFURT CENTRO","019c32fe-1b8a-749c-b9c4-2e06903dc530","","","","5812"
"2026-02-07T14:01:08.133053Z","2026-02-07","DEFAULT","CASH","CARD_TRANSACTION","","NETFLIX.COM","","","","-6.990000","","","EUR","","","","NETFLIX.COM","019c3868-0925-7ca3-9d16-0bf506a6df6e","","","","4899"
"2026-02-08T12:41:02.939532Z","2026-02-08","DEFAULT","CASH","CARD_TRANSACTION","","MERCADONA PRAT DE LA RIBA","","","","-21.340000","","","EUR","","","","MERCADONA PRAT DE LA RIBA","019c3d45-12db-7257-b4a0-f568b58e5017","","","","5411"
"2026-02-08T12:54:17.215631Z","2026-02-08","DEFAULT","CASH","CARD_TRANSACTION","","DIXI 724","","","","-3.000000","","","EUR","","","","DIXI 724","019c3d51-317f-710f-aa3a-16ce509dde2f","","","","5812"
"2026-02-09T10:42:44.442351Z","2026-02-09","DEFAULT","CASH","CARD_TRANSACTION","","FNM*TRENORD*MALPENSA EXPR","","","","-75.000000","","","EUR","","","","FNM*TRENORD*MALPENSA","019c41ff-1e5a-766c-9721-b6dec9ab8e5d","","","","4112"
"2026-02-09T10:59:15.983Z","2026-02-09","DEFAULT","TRADING","BUY","FUND","Physical Swiss Gold USD ","JE00B588CD74","0.0139130000","402.4800000000","-5.60","","","EUR","","","","Savings plan execution JE00B588CD74 WITR MET.SEC.Z09/UN.XAU, quantity: 0.013913","7f04a19d-aed8-4bb2-a4e0-4c025bbc0668","","","",""
"2026-02-10T12:23:11.428654Z","2026-02-10","DEFAULT","CASH","CARD_TRANSACTION","","LIDL PAY","","","","-58.610000","","","EUR","","","","LIDL PAY","019c4781-7144-74e2-bb02-de1022fafc0c","","","","5411"
"2026-02-10T12:33:38.880015Z","2026-02-10","DEFAULT","CASH","CARD_TRANSACTION","","IHSAN FRUTAS Y VERDURAS","","","","-7.990000","","","EUR","","","","IHSAN FRUTAS Y VERDURAS","019c478b-0440-781b-bf47-d802a77ae76c","","","","5411"
"2026-02-11T08:21:00.438580Z","2026-02-11","DEFAULT","CASH","CARD_TRANSACTION","","","","","","16.990000","","","EUR","","","","www.groupon.es","019c4bca-1396-76e4-b46e-4078e1528862","","","",""
"2026-02-11T12:34:16.063211Z","2026-02-11","DEFAULT","CASH","CARD_TRANSACTION","","LIDL PAY","","","","-3.090000","","","EUR","","","","LIDL PAY","019c4cb1-f17f-716f-8ec1-5aecc363133c","","","","5411"
"2026-02-12T12:43:37.521Z","2026-02-12","DEFAULT","TRADING","SELL","CRYPTO","Bitcoin","BTC","-0.0178960000","56462.0200000000","1010.44","-1.00","","EUR","","","","Sell trade XF000BTC0017 Bitcoin, quantity: 0.017896","b8b1876f-f434-4b22-854f-a341983688a8","","","",""
"2026-02-13T11:12:15.719247Z","2026-02-13","DEFAULT","CASH","CARD_TRANSACTION","","E1351 POS HOSPITALET","","","","-42.420000","","","EUR","","","","E1351 POS HOSPITALET","019c56b3-9567-773f-82ce-1ec16aafb142","","","","5542"
"2026-02-14T13:48:42.608459Z","2026-02-14","DEFAULT","CASH","CARD_TRANSACTION","","PANADERIA SANT JOSEP","","","","-8.000000","","","EUR","","","","PANADERIA SANT JOSEP","019c5c69-2cf0-72b1-8a2e-7b6ea04ccabb","","","","5813"
"2026-02-15T10:04:34.408712Z","2026-02-15","DEFAULT","CASH","CARD_TRANSACTION","","TGTG qkmhh4btcmfy0","","","","-3.990000","","","EUR","","","","TGTG qkmhh4btcmfy0","019c60c2-54e8-764a-9cbb-f77dd4fc22c2","","","","5812"
"2026-02-15T14:43:08.527643Z","2026-02-15","DEFAULT","CASH","CARD_TRANSACTION","","GELATERIA BORSIERI","","","","-2.000000","","","EUR","","","","GELATERIA BORSIERI","019c61c1-5e6f-76ed-ade2-d4b85022dfba","","","","5441"
"2026-02-16T10:59:16.017Z","2026-02-16","DEFAULT","TRADING","BUY","FUND","Physical Swiss Gold USD ","JE00B588CD74","0.0102060000","403.6800000000","-4.12","","","EUR","","","","Savings plan execution JE00B588CD74 WITR MET.SEC.Z09/UN.XAU, quantity: 0.010206","cc91e90a-025d-4c41-8e5c-54c5e30d9711","","","",""
"2026-02-16T15:31:05.450362Z","2026-02-16","DEFAULT","CASH","INTEREST_PAYMENT","BOND","Aug. 2029","XS2800678224","","","64.010000","","-12.16","EUR","","","","Interest Payment for ISIN XS2800678224","019c6713-a06a-77df-b6b2-c9702c163ef3","","","",""
"2026-02-16T10:14:55.888066Z","2026-02-16","DEFAULT","CASH","CARD_TRANSACTION","","GOLDEN BAR","","","","-8.800000","","","EUR","","","","GOLDEN BAR","019c65f2-2c90-73de-9f10-384fb6c6483f","","","","5814"
"2026-02-16T11:24:26.245880Z","2026-02-16","DEFAULT","CASH","CARD_TRANSACTION","","LIDL 482","","","","-6.980000","","","EUR","","","","LIDL 482","019c6631-cf05-72ba-b2b6-88685f4ff8ff","","","","5411"
"2026-02-17T09:06:24.761091Z","2026-02-17","DEFAULT","CASH","CARD_TRANSACTION","","RADICAL MILAN","","","","-33.750000","","","EUR","","","","RADICAL MILAN","019c6ad9-cd79-7363-984b-f3c9f9a1d28a","","","","4225"
"2026-02-17T12:57:53.178980Z","2026-02-17","DEFAULT","CASH","CARD_TRANSACTION","","ESSELUNGA","","","","-2.690000","","","EUR","","","","ESSELUNGA","019c6bad-b91a-7ca2-b60c-7deb4f6e1960","","","","5411"
"2026-02-17T12:58:01.983755Z","2026-02-17","DEFAULT","CASH","CARD_TRANSACTION","","APT MALPENSA","","","","-6.240000","","","EUR","","","","APT MALPENSA","019c6bad-db7f-7ef3-a830-4c1a0896a604","","","","5814"
"2026-02-17T13:04:48.873168Z","2026-02-17","DEFAULT","CASH","CARD_TRANSACTION","","CIACCO S.R.L.","","","","-3.500000","","","EUR","","","","CIACCO S.R.L.","019c6bb4-10e9-7cb8-ba5e-751a5daeb9d5","","","","7311"
"2026-02-17T13:10:01.697585Z","2026-02-17","DEFAULT","CASH","CARD_TRANSACTION","","PAM","","","","-5.510000","","","EUR","","","","PAM","019c6bb8-d6e1-74e1-9a26-8427f28d1a31","","","","5999"
"2026-02-19T12:44:07.899161Z","2026-02-19","DEFAULT","CASH","CARD_TRANSACTION","","CASA MARCELINO","","","","-9.850000","","","EUR","","","","CASA MARCELINO","019c75ed-d95b-7731-a10a-162d45461b02","","","","5812"
"2026-02-20T08:51:10.740599Z","2026-02-20","DEFAULT","CASH","CARD_TRANSACTION","","LIDL PAY","","","","-4.180000","","","EUR","","","","LIDL PAY","019c7a3e-ef14-7ee0-ac1a-5b28bdad9cdb","","","","5411"
"2026-02-20T12:36:18.763585Z","2026-02-20","DEFAULT","CASH","CARD_TRANSACTION","","LIDL PAY","","","","-0.640000","","","EUR","","","","LIDL PAY","019c7b0d-0ccb-7c57-9532-a9dc94f00acf","","","","5411"
"2026-02-22T12:52:26.078393Z","2026-02-22","DEFAULT","CASH","CARD_TRANSACTION","","FRANKFURT FACTORY","","","","-24.100000","","","EUR","","","","FRANKFURT FACTORY","019c8568-875e-7ae1-bd41-19406128fa0a","","","","5812"
"2026-02-22T12:57:22.101161Z","2026-02-22","DEFAULT","CASH","CARD_TRANSACTION","","EL RINCON MAYA","","","","-34.600000","","","EUR","","","","EL RINCON MAYA","019c856d-0bb5-78f2-a781-b625667da41c","","","","5812"
"2026-02-22T13:03:01.403518Z","2026-02-22","DEFAULT","CASH","CARD_TRANSACTION","","PLENERGY US 455P HOSPITAL","","","","-12.220000","","","EUR","","","","PLENERGY US 455P HOSPITAL","019c8572-391b-7016-a866-0cbd7a49bf10","","","","5542"
"2026-02-23T10:58:04.256Z","2026-02-23","DEFAULT","TRADING","BUY","FUND","Physical Swiss Gold USD ","JE00B588CD74","0.0141920000","418.5200000000","-5.94","","","EUR","","","","Savings plan execution JE00B588CD74 WITR MET.SEC.Z09/UN.XAU, quantity: 0.014192","421b9813-b263-4ea0-bcd7-3765865cfb9a","","","",""
"2026-02-24T12:36:20.608191Z","2026-02-24","DEFAULT","CASH","CARD_TRANSACTION","","LIDL PAY","","","","-21.110000","","","EUR","","","","LIDL PAY","019c8fa6-8400-7e39-ad53-76d0a6f228f2","","","","5411"
"2026-02-26T12:48:56.618677Z","2026-02-26","DEFAULT","CASH","CARD_TRANSACTION","","CASA MARCELINO","","","","-9.850000","","","EUR","","","","CASA MARCELINO","019c99fe-c52a-7835-8ddf-2be9dcbfdab6","","","","5812"
"2026-02-28T13:41:34.280468Z","2026-02-28","DEFAULT","CASH","CARD_TRANSACTION","","MERCADONA PRAT DE LA RIBA","","","","-35.640000","","","EUR","","","","MERCADONA PRAT DE LA RIBA","019ca47b-abc8-7a19-b20d-31428090bae2","","","","5411"
"2026-02-28T14:03:00.501935Z","2026-02-28","DEFAULT","CASH","CARD_TRANSACTION","","OULU ESTIL, S.L.","","","","-6.510000","","","EUR","","","","OULU ESTIL, S.L.","019ca48f-4c15-7809-8e78-3316880b82a3","","","","5651"
"2026-03-01T03:38:40.251308Z","2026-03-01","DEFAULT","CASH","INTEREST_PAYMENT","","","","","","17.180000","","-3.26","EUR","","","","Interest payment for payout collection 019ca727-8601-71d0-bb11-bd499a83518e","019ca77a-0efb-7176-8ea6-e073fab07d03","","","",""
"2026-03-01T00:55:17.019665Z","2026-03-01","DEFAULT","CASH","BENEFITS_SAVEBACK","","","","","","6.550000","","-1.24","EUR","","",""," Saveback cash reward cfffe7f4-3a75-4262-818f-b02b2b5fb849 for reservation: 5ca2f31e-2cae-4cd3-91ea-27900e115cb3","019ca6e4-791b-77d9-96d3-6e416536993d","","","",""
"2026-03-02T07:35:49.908Z","2026-03-02","DEFAULT","TRADING","BUY","CRYPTO","Bitcoin","BTC","0.0000910000","57921.4900000000","-5.27","","","EUR","","","","Savings plan execution XF000BTC0017 Bitcoin, quantity: 0.000091","55263091-512a-4670-9c29-0bbca6b3bee9","","","",""
"2026-03-02T07:40:19.691Z","2026-03-02","DEFAULT","TRADING","BUY","CRYPTO","Bitcoin","BTC","0.0008620000","58002.9900000000","-50.00","","","EUR","","","","Savings plan execution XF000BTC0017 Bitcoin, quantity: 0.000862","3ed715ae-08f9-49ed-96fb-5b0b4a44ab1b","","","",""
"2026-03-02T11:14:51.475Z","2026-03-02","DEFAULT","TRADING","BUY","FUND","Physical Swiss Gold USD ","JE00B588CD74","0.0043050000","438.9800000000","-1.89","","","EUR","","","","Savings plan execution JE00B588CD74 WITR MET.SEC.Z09/UN.XAU, quantity: 0.004305","9ee99609-536b-41b6-bbb2-0b1b66593e6b","","","",""
"2026-03-03T13:06:17.408210Z","2026-03-03","DEFAULT","CASH","CARD_TRANSACTION","","LIDL PAY","","","","-33.840000","","","EUR","","","","LIDL PAY","019cb3ce-72c0-7908-970c-690261e34f93","","","","5411"
"2026-03-07T17:29:50.510673Z","2026-03-07","DEFAULT","CASH","TRANSFER_INSTANT_OUTBOUND","","","","","","-1000.000000","","","EUR","","","","Outgoing transfer for Javi Myinvestor  (ES0615447889716651124504)","019cc959-2cae-7a19-bdea-1e702c459373","","","",""
"2026-03-07T10:20:57.912668Z","2026-03-07","DEFAULT","CASH","CARD_TRANSACTION","","UBER   * EATS PENDING","","","","-18.560000","","","EUR","","","","UBER   *EATS","019cc7d0-86b8-7026-a5ee-ffbe51607bcb","","","","5812"
"2026-03-07T13:53:31.238878Z","2026-03-07","DEFAULT","CASH","CARD_TRANSACTION","","MERCADONA CAMP DE L ESPAN","","","","-109.020000","","","EUR","","","","MERCADONA CAMP DE L ESPAN","019cc893-2066-7f4b-8285-9ef6c2b9243c","","","","5411"
"2026-03-07T13:54:03.938139Z","2026-03-07","DEFAULT","CASH","CARD_TRANSACTION","","BON AREA","","","","-15.410000","","","EUR","","","","BON AREA","019cc893-a022-773e-b51c-43fb42e6cfa3","","","","5411"
"2026-03-07T13:57:08.544079Z","2026-03-07","DEFAULT","CASH","CARD_TRANSACTION","","CATALUNYA DONER KEBAB","","","","-7.000000","","","EUR","","","","CATALUNYA DONER KEBAB","019cc896-7140-7422-90f3-b7764b4ea833","","","","5812"
"2026-03-07T14:10:29.595608Z","2026-03-07","DEFAULT","CASH","CARD_TRANSACTION","","MILBBY SPLAU CORNELLA","","","","-23.890000","","","EUR","","","","MILBBY SPLAU CORNELLA","019cc8a2-aa5b-7834-bc18-ca493ddf92cb","","","","5947"
"2026-03-07T14:31:31.959181Z","2026-03-07","DEFAULT","CASH","CARD_TRANSACTION","","NETFLIX.COM","","","","-6.990000","","","EUR","","","","NETFLIX.COM","019cc8b5-ed77-754b-8567-f5dfaae76272","","","","4899"
"2026-03-08T13:15:08.990194Z","2026-03-08","DEFAULT","CASH","CARD_TRANSACTION","","LIDL PAY","","","","-2.380000","","","EUR","","","","LIDL PAY","019ccd96-5b3e-7ed3-97e0-d879cc2a2ef0","","","","5411"
"2026-03-08T13:21:05.585618Z","2026-03-08","DEFAULT","CASH","CARD_TRANSACTION","","SUCAPA SCP","","","","-94.500000","","","EUR","","","","SUCAPA SCP","019ccd9b-cc31-76cb-a298-d83c5800bbb7","","","","5812"
"2026-03-09T10:59:00.116Z","2026-03-09","DEFAULT","TRADING","BUY","FUND","Physical Swiss Gold USD ","JE00B588CD74","0.0113800000","421.7600000000","-4.80","","","EUR","","","","Savings plan execution JE00B588CD74 WisdomTree Physical Swiss Gold, quantity: 0.011380","3a62c1c2-30a5-4142-96b0-cf00018bede2","","","",""
"2026-03-10T12:54:43.376937Z","2026-03-10","DEFAULT","CASH","CARD_TRANSACTION","","LIDL PAY","","","","-14.370000","","","EUR","","","","LIDL PAY","019cd7d0-5fb0-7859-ab43-1646443a2a93","","","","5411"
"2026-03-11T07:26:32.191362Z","2026-03-11","DEFAULT","CASH","CARD_TRANSACTION","","","","","","61.100000","","","EUR","","","","Temu.com","019cdbca-44ff-7328-83e7-162edccdcc37","","","",""
"2026-03-12T13:08:09.105864Z","2026-03-12","DEFAULT","CASH","CARD_TRANSACTION","","STAR LLAR","","","","-5.950000","","","EUR","","","","STAR LLAR","019ce229-6311-7132-b104-a31a76e51139","","","","5251"
"2026-03-12T13:11:07.062334Z","2026-03-12","DEFAULT","CASH","CARD_TRANSACTION","","MACXIPA PRAT DE LA RIBA","","","","-1.300000","","","EUR","","","","MACXIPA PRAT DE LA RIBA","019ce22c-1a36-708b-b75a-c5eb8f4348ca","","","","5411"
"2026-03-13T03:24:32.498174Z","2026-03-13","DEFAULT","CASH","TAX_OPTIMIZATION","","","","","","0.000000","","0.02","EUR","","","","Tax Recalculation IE00B4NCWG09 Physical Silver (Invoice No.: 3600-57b2)","019ce539-6f72-7d1e-bd2c-c7c65679c6c2","","","",""
"2026-03-13T03:24:31.418814Z","2026-03-13","DEFAULT","CASH","TAX_OPTIMIZATION","","","","","","0.000000","","1.19","EUR","","","","Tax Recalculation IE00B4NCWG09 Physical Silver (Invoice No.: 74b7-06ac)","019ce539-6b3a-7fc5-b725-5e9293e69c27","","","",""
"2026-03-13T13:17:55.949213Z","2026-03-13","DEFAULT","CASH","CARD_TRANSACTION","","JARDI GAVA S A","","","","-38.070000","","","EUR","","","","JARDI GAVA S A","019ce758-b36d-77bd-ad8b-18f26f2c5670","","","","5261"
"2026-03-14T07:49:30.793411Z","2026-03-14","DEFAULT","CASH","CARD_TRANSACTION","","ALIEXPRESS.COM","","","","-11.090000","","","EUR","","","","ALIEXPRESS.COM","019ceb52-6229-7847-9fe3-cb3661736939","","","","5310"
"2026-03-14T14:16:04.577382Z","2026-03-14","DEFAULT","CASH","CARD_TRANSACTION","","PANADERIA SANT JOSEP","","","","-3.400000","","","EUR","","","","PANADERIA SANT JOSEP","019cecb4-4ae1-746e-acdb-00d820d4a96e","","","","5813"
"2026-03-15T10:04:02.834119Z","2026-03-15","DEFAULT","CASH","CARD_TRANSACTION","","WWW.AMAZON","","","","-9.290000","","","EUR","","","","WWW.AMAZON*DX9EA4145","019cf0f3-e992-7991-85c7-09d5aa118bcb","","","","5399"
"2026-03-15T12:55:55.905847Z","2026-03-15","DEFAULT","CASH","CARD_TRANSACTION","","LIDL PAY","","","","-1.490000","","","EUR","","","","LIDL PAY","019cf191-4701-75de-8a01-32ef5471d5f1","","","","5411"
"2026-03-16T08:46:53.042331Z","2026-03-16","DEFAULT","CASH","CARD_TRANSACTION","","BON AREA","","","","-2.950000","","","EUR","","","","BON AREA","019cf5d3-a072-76f0-92cb-70c3cd5de429","","","","5411"
"2026-03-16T12:19:29.172Z","2026-03-16","DEFAULT","TRADING","BUY","FUND","Physical Swiss Gold USD ","JE00B588CD74","0.0122210000","416.4799000000","-5.09","","","EUR","","","","Savings plan execution JE00B588CD74 WITR MET.SEC.Z09/UN.XAU, quantity: 0.012221","e8846b28-6a6a-4915-b39b-aaf843d3bf18","","","",""
"2026-03-17T13:01:26.005401Z","2026-03-17","DEFAULT","CASH","CARD_TRANSACTION","","LIDL PAY","","","","-62.720000","","","EUR","","","","LIDL PAY","019cfbe3-0875-76f1-84c7-3a0a6f216d84","","","","5411"
"2026-03-19T13:54:12.776501Z","2026-03-19","DEFAULT","CASH","CARD_TRANSACTION","","CASA MARCELINO","","","","-7.800000","","","EUR","","","","CASA MARCELINO","019d0660-12a8-78c9-b907-e0b3bbf9bb40","","","","5812"
"2026-03-21T13:50:33.875858Z","2026-03-21","DEFAULT","CASH","CARD_TRANSACTION","","LIDL PAY","","","","-0.640000","","","EUR","","","","LIDL PAY","019d10a9-7393-757d-b1bf-59b6b3afad66","","","","5411"
"2026-03-21T13:57:09.231617Z","2026-03-21","DEFAULT","CASH","CARD_TRANSACTION","","MACXIPA PRAT DE LA RIBA","","","","-1.300000","","","EUR","","","","MACXIPA PRAT DE LA RIBA","019d10af-7bef-7d07-8fc4-9fea47816bc4","","","","5411"
"2026-03-22T13:27:21.136299Z","2026-03-22","DEFAULT","CASH","CARD_TRANSACTION","","MESTRE D'AIXA","","","","-28.800000","","","EUR","","","","MESTRE DAIXA","019d15ba-8f30-75f2-8faa-1312c6385927","","","","5812"
"2026-03-23T10:58:26.792Z","2026-03-23","DEFAULT","TRADING","BUY","FUND","Physical Swiss Gold USD ","JE00B588CD74","0.0064200000","355.1200000000","-2.28","","","EUR","","","","Savings plan execution JE00B588CD74 WisdomTree Physical Swiss Gold, quantity: 0.006420","fedffee1-9cf2-4759-80d5-a84f31c87f6e","","","",""
"2026-03-23T12:42:00.591224Z","2026-03-23","DEFAULT","CASH","CARD_TRANSACTION","","ESPUCARN HOSPITALET","","","","-16.460000","","","EUR","","","","ESPUCARN HOSPITALET","019d1ab7-680f-7e51-9f4c-30981075250e","","","","5411"
"2026-03-24T13:04:07.063910Z","2026-03-24","DEFAULT","CASH","CARD_TRANSACTION","","LIDL PAY","","","","-45.830000","","","EUR","","","","LIDL PAY","019d1ff2-0197-7c27-95f3-2152532bdd6b","","","","5411"
"2026-03-25T13:11:13.000977Z","2026-03-25","DEFAULT","CASH","CARD_TRANSACTION","","MERCADONA PRAT DE LA RIBA","","","","-3.500000","","","EUR","","","","MERCADONA PRAT DE LA RIBA","019d251e-dd68-71ac-8c2d-3435a9d1b1e2","","","","5411"
"2026-03-26T13:30:03.087944Z","2026-03-26","DEFAULT","CASH","CARD_TRANSACTION","","CASA MARCELINO","","","","-9.850000","","","EUR","","","","CASA MARCELINO","019d2a56-77cf-7053-9125-8116db47c466","","","","5812"
"2026-03-28T13:06:41.785150Z","2026-03-28","DEFAULT","CASH","CARD_TRANSACTION","","CEPSA 15772-1 E.S. CADI","","","","-53.580000","","","EUR","","","","CEPSA 15772-1 E.S. CADI","019d348d-cdf9-7d2b-b19f-8990b2703a38","","","","5541"
"2026-03-29T08:30:55.082918Z","2026-03-29","DEFAULT","CASH","CARD_TRANSACTION","","CLAREL BAGA","","","","-8.190000","","","EUR","","","","CLAREL BAGA","019d38b7-ae6a-722a-9b50-fff80c96c54f","","","","5411"
"2026-03-31T12:32:00.625834Z","2026-03-31","DEFAULT","CASH","CARD_TRANSACTION","","LIDL PAY","","","","-4.990000","","","EUR","","","","LIDL PAY","019d43e1-2071-724b-8e4f-62063fe1af57","","","","5411"
"2026-04-01T01:52:26.044696Z","2026-04-01","DEFAULT","CASH","INTEREST_PAYMENT","","","","","","17.450000","","-3.32","EUR","","","","Interest payment for payout collection 019d46bd-544f-7c7b-8a1d-912874229e50","019d46bd-efbc-7c01-9067-06c12c5aa7d5","","","",""
"2026-04-01T00:12:05.781012Z","2026-04-01","DEFAULT","CASH","BENEFITS_SAVEBACK","","","","","","6.480000","","-1.23","EUR","","",""," Saveback cash reward 77a47dd2-4c16-4298-839f-4199de46a0ab for reservation: 4b14ddd0-8baa-43f2-8b23-4b699c1de350","019d4662-1315-74c4-8de6-a1805dcd72c0","","","",""
"2026-04-01T10:19:20.589459Z","2026-04-01","DEFAULT","CASH","CARD_TRANSACTION","","LIDL L'HOSPITALET","","","","-5.170000","","","EUR","","","","LIDL LHOSPITALET","019d488e-068d-7fef-a6c3-72a23b7e8af0","","","","5411"
"2026-04-02T06:44:48.586Z","2026-04-02","DEFAULT","TRADING","BUY","CRYPTO","Bitcoin","BTC","0.0000880000","59412.4800000000","-5.23","","","EUR","","","","Savings plan execution XF000BTC0017 Bitcoin, quantity: 0.000088","16967a27-2917-4959-ba41-ec1533e8a454","","","",""
"2026-04-02T06:50:07.542Z","2026-04-02","DEFAULT","TRADING","BUY","CRYPTO","Bitcoin","BTC","0.0008380000","59607.1591000000","-49.95","","","EUR","","","","Savings plan execution XF000BTC0017 Bitcoin, quantity: 0.000838","31663bff-218e-417f-a58a-ec047318ddab","","","",""
"2026-04-02T10:30:26.857Z","2026-04-02","DEFAULT","TRADING","BUY","FUND","Physical Swiss Gold USD ","JE00B588CD74","0.0077950000","383.5400000000","-2.99","","","EUR","","","","Savings plan execution JE00B588CD74 WisdomTree Physical Swiss Gold, quantity: 0.007795","64f4eb22-1b03-46b7-96a7-3d305d614a1e","","","",""
"2026-04-02T14:02:31.448293Z","2026-04-02","DEFAULT","CASH","CARD_TRANSACTION","","SUPER CAMPING TOSSA","","","","-1.900000","","","EUR","","","","SUPER CAMPING TOSSA","019d4e80-b698-7bd1-8117-bf889c825089","","","","5411"
"2026-04-03T12:18:31.776657Z","2026-04-03","DEFAULT","CASH","CARD_TRANSACTION","","HIPERMERCAT ESCLAT H82T","","","","-1.800000","","","EUR","","","","HIPERMERCAT ESCLAT H82T","019d5347-dce0-799a-8bd7-16604c212b70","","","","5411"
"2026-04-04T07:57:12.417111Z","2026-04-04","DEFAULT","CASH","CARD_TRANSACTION","","GRANJA DE TOSSA","","","","-15.800000","","","EUR","","","","GRANJA DE TOSSA","019d577e-f961-70c3-a416-ebb8edb7a544","","","","5813"
"2026-04-04T08:00:36.830502Z","2026-04-04","DEFAULT","CASH","CARD_TRANSACTION","","FARMACIA CASTELLO","","","","-5.290000","","","EUR","","","","FARMACIA CASTELLO","019d5782-17de-723a-a90f-6fbb651bc7d6","","","","5912"
"2026-04-06T13:19:39.505840Z","2026-04-06","DEFAULT","CASH","TRANSFER_INSTANT_INBOUND","","","","","","400.000000","","","EUR","","","","Incoming transfer from JAVIER RODRIGUEZ SERRANO (ES0721000602770101098778)","019d62f2-e7f1-7770-9abf-422a30b9c253","","","",""
"2026-04-06T10:28:06.639292Z","2026-04-06","DEFAULT","CASH","CARD_TRANSACTION","","LA TABERNA DE LA RAMBLA","","","","-14.950000","","","EUR","","","","LA TABERNA DE LA RAMBLA","019d6255-d96f-7bb9-a564-189eec4b2b6c","","","","5812"
"2026-04-07T11:41:00.777582Z","2026-04-07","DEFAULT","CASH","CARD_TRANSACTION","","NETFLIX.COM","","","","-6.990000","","","EUR","","","","NETFLIX.COM","019d67be-f3e9-7206-8290-610806b79f0a","","","","4899"
"2026-04-07T10:33:22.966791Z","2026-04-07","DEFAULT","CASH","INTEREST_PAYMENT","BOND","Apr. 2027","XS2695009998","","","70.300000","","-13.36","EUR","","","","Interest Payment for ISIN XS2695009998","019d6781-0916-7a8e-a0a0-86866dc6241d","","","",""
"2026-04-07T09:05:31.190834Z","2026-04-07","DEFAULT","CASH","CARD_TRANSACTION","","TGTG 4tn1znm1vnzr0","","","","-2.990000","","","EUR","","","","TGTG 4tn1znm1vnzr0","019d6730-9836-77c2-adae-d8380409244b","","","","5812"
"2026-04-08T12:43:00.914101Z","2026-04-08","DEFAULT","CASH","CARD_TRANSACTION","","LIDL PAY","","","","-41.860000","","","EUR","","","","LIDL PAY","019d6d1e-13b2-7e85-8476-a08aee064730","","","","5411"
"2026-04-08T13:04:47.191111Z","2026-04-08","DEFAULT","CASH","CARD_TRANSACTION","","PRIMAPRIX BARCELONA II","","","","-9.450000","","","EUR","","","","PRIMAPRIX BARCELONA II","019d6d32-0257-7a94-8a78-5fb8c7ea5abd","","","","5411"
"2026-04-09T09:58:30.328Z","2026-04-09","DEFAULT","TRADING","BUY","FUND","Physical Swiss Gold USD ","JE00B588CD74","0.0048270000","387.3800000000","-1.87","","","EUR","","","","Savings plan execution JE00B588CD74 WisdomTree Physical Swiss Gold, quantity: 0.004827","4389861a-bcba-4e16-86d0-01ab4ccca845","","","",""
"2026-04-10T13:14:35.161026Z","2026-04-10","DEFAULT","CASH","CARD_TRANSACTION","","LIDL PAY","","","","-4.000000","","","EUR","","","","LIDL PAY","019d7787-b319-7194-9374-687d812a3287","","","","5411"
"2026-04-10T13:27:39.130845Z","2026-04-10","DEFAULT","CASH","CARD_TRANSACTION","","BASAR EL MON","","","","-7.450000","","","EUR","","","","BASAR EL MON","019d7793-a97a-75e6-800c-ec5950234349","","","","5947"
"2026-04-11T12:53:30.087130Z","2026-04-11","DEFAULT","CASH","CARD_TRANSACTION","","LIDL PAY","","","","-2.130000","","","EUR","","","","LIDL PAY","019d7c9a-c167-74c8-b017-fe8dbefe1ec9","","","","5411"
"2026-04-12T11:02:56.653041Z","2026-04-12","DEFAULT","CASH","CARD_TRANSACTION","","CALONGE","","","","-49.220000","","","EUR","","","","CALONGE","019d815b-e58d-7b8a-aeea-eae59f824b16","","","","5541"
"2026-04-13T08:06:36.601863Z","2026-04-13","DEFAULT","CASH","CARD_TRANSACTION","","HIPERMERCAT ESCLAT H82T","","","","-16.810000","","","EUR","","","","HIPERMERCAT ESCLAT H82T","019d85e0-d139-7ccf-8dd3-01648219bae1","","","","5411"
"2026-04-13T11:19:28.231545Z","2026-04-13","DEFAULT","CASH","CARD_TRANSACTION","","CONSUM BATLLORI 34","","","","-2.650000","","","EUR","","","","CONSUM BATLLORI 34","019d8691-62e7-7b40-861d-82de0c91b351","","","","5411"
"2026-04-14T12:30:29.050957Z","2026-04-14","DEFAULT","CASH","CARD_TRANSACTION","","LIDL PAY","","","","-54.200000","","","EUR","","","","LIDL PAY","019d8bf8-c2ba-71cb-a964-c3c677dbf994","","","","5411"
"2026-04-14T12:46:02.964917Z","2026-04-14","DEFAULT","CASH","CARD_TRANSACTION","","JARDINARIUM GARDEN CORNEL","","","","-38.430000","","","EUR","","","","JARDINARIUM GARDEN CORNEL","019d8c07-02d4-7c5f-8be9-9c993bb15f15","","","","5992"
"2026-04-14T12:48:06.467741Z","2026-04-14","DEFAULT","CASH","CARD_TRANSACTION","","PRIMAPRIX BARCELONA II","","","","-3.950000","","","EUR","","","","PRIMAPRIX BARCELONA II","019d8c08-e543-7fa6-9ce2-d8ca17fdaa00","","","","5411"
"2026-04-15T08:13:03.792889Z","2026-04-15","DEFAULT","CASH","CARD_TRANSACTION","","WWW.AMAZON","","","","-10.490000","","","EUR","","","","WWW.AMAZON* NW28Z0T44","019d9033-71b0-7bf8-a6d7-4c17e8403f5a","","","","5399"
"2026-04-16T10:03:37.634Z","2026-04-16","DEFAULT","TRADING","BUY","FUND","Physical Swiss Gold USD ","JE00B588CD74","0.0149420000","390.8200000000","-5.84","","","EUR","","","","Savings plan execution JE00B588CD74 WITR MET.SEC.Z09/UN.XAU, quantity: 0.014942","aabf150f-42d4-4609-b40e-d295e5ab68b6","","","",""
"2026-04-16T12:19:29.824613Z","2026-04-16","DEFAULT","CASH","CARD_TRANSACTION","","LIDL PAY","","","","-16.830000","","","EUR","","","","LIDL PAY","019d963b-6ba0-7297-9540-a6e4cbe6cf5f","","","","5411"
"2026-04-17T11:56:54.828Z","2026-04-17","DEFAULT","TRADING","SELL","FUND","S&P SmallCap 600  (Acc)","IE00BH3YZ803","-7.6581400000","65.9100000000","504.75","-1.00","","EUR","","","","Sell trade IE00BH3YZ803 Invesco Markets plc - Invesco S&P SmallCap 600 UCITS ETF, quantity: 7.65814","12bc0da8-672e-4224-b3f2-fa433aeef42c","","","",""
"2026-04-18T08:23:57.019357Z","2026-04-18","DEFAULT","CASH","CARD_TRANSACTION","","WWW.AMAZON","","","","-12.590000","","","EUR","","","","WWW.AMAZON*NW8V71284","019d9fb0-7d5b-71c5-8443-41d42060fe75","","","","5999"
"2026-04-20T08:46:04.530103Z","2026-04-20","DEFAULT","CASH","CARD_TRANSACTION","","UBER   * EATS PENDING","","","","-32.900000","","","EUR","","","","UBER   *EATS","019daa11-76f2-7f1c-978f-716b6abcc47e","","","","5812"
"2026-04-22T08:14:42.570783Z","2026-04-22","DEFAULT","CASH","CARD_TRANSACTION","","WWW.AMAZON","","","","-9.990000","","","EUR","","","","WWW.AMAZON* NZ8OA01X4","019db441-778a-7a70-8ad0-6d6fd12e452f","","","","5999"
"2026-04-22T12:24:46.510174Z","2026-04-22","DEFAULT","CASH","CARD_TRANSACTION","","LIDL PAY","","","","-57.710000","","","EUR","","","","LIDL PAY","019db526-68ae-7595-bbab-32fd39c2b795","","","","5411"
"2026-04-23T10:00:58.265Z","2026-04-23","DEFAULT","TRADING","BUY","FUND","Physical Swiss Gold USD ","JE00B588CD74","0.0039290000","384.3000000000","-1.51","","","EUR","","","","Savings plan execution JE00B588CD74 WisdomTree Physical Swiss Gold, quantity: 0.003929","58ee4a52-5a4c-4dec-9b1a-af6c3386392b","","","",""
"2026-04-23T12:54:54.667120Z","2026-04-23","DEFAULT","CASH","CARD_TRANSACTION","","CASA MARCELINO","","","","-11.300000","","","EUR","","","","CASA MARCELINO","019dba68-5bcb-7a15-a745-528a2ac98864","","","","5812"
"2026-04-24T13:10:48.491840Z","2026-04-24","DEFAULT","CASH","CARD_TRANSACTION","","BASAR EL MON","","","","-7.950000","","","EUR","","","","BASAR EL MON","019dbf9d-45ab-713b-8d4b-4eff0458f31f","","","","5947"
"2026-04-26T13:19:38.794436Z","2026-04-26","DEFAULT","CASH","CARD_TRANSACTION","","BON PREU S A U","","","","-16.630000","","","EUR","","","","BON PREU S A U","019dc9f2-152a-7bdc-80fb-e2f3c8108df6","","","","5411"
"2026-04-26T13:45:32.498306Z","2026-04-26","DEFAULT","CASH","CARD_TRANSACTION","","DOMESTIK H2","","","","-2.500000","","","EUR","","","","DOMESTIK H2","019dca09-ca52-73c4-a9a8-8472c457d2da","","","","5947"
"2026-04-27T11:29:47.760357Z","2026-04-27","DEFAULT","CASH","CARD_TRANSACTION","","ARTESANS DE L'ABEL","","","","-5.000000","","","EUR","","","","ARTESANS DE LABEL","019dceb3-def0-7c52-b4de-c4e459211046","","","","5411"
"2026-04-27T11:14:58.322280Z","2026-04-27","DEFAULT","CASH","CARD_TRANSACTION","","MUNDO PAN","","","","-5.500000","","","EUR","","","","MUNDO PAN","019dcea6-4c92-7f6a-a3f1-cd48765f2877","","","","5947"
"2026-04-27T11:23:20.799066Z","2026-04-27","DEFAULT","CASH","CARD_TRANSACTION","","MACXIPA PRAT DE LA RIBA","","","","-1.650000","","","EUR","","","","MACXIPA PRAT DE LA RIBA","019dcead-f75f-7c0b-b668-a0b83f8493c2","","","","5411"
"2026-04-27T11:25:12.301656Z","2026-04-27","DEFAULT","CASH","CARD_TRANSACTION","","GARILORE","","","","-9.750000","","","EUR","","","","GARILORE","019dceaf-aaed-70a1-80b5-ebdcf3e6ecb7","","","","5411"
"2026-04-28T08:07:20.835603Z","2026-04-28","DEFAULT","CASH","CARD_TRANSACTION","","WWW.AMAZON","","","","-18.990000","","","EUR","","","","WWW.AMAZON* NN4OZ4AG4","019dd320-e203-72a2-98d5-b108c3913892","","","","5999"
"2026-04-28T12:58:50.743809Z","2026-04-28","DEFAULT","CASH","CARD_TRANSACTION","","AYAFUEL","","","","-20.000000","","","EUR","","","","AYAFUEL","019dd42b-c1f7-7728-9a60-fee876cab0b8","","","","5541"
"2026-04-28T13:05:17.858896Z","2026-04-28","DEFAULT","CASH","CARD_TRANSACTION","","AYAFUEL","","","","6.210000","","","EUR","","","","AYAFUEL","019dd431-aa22-7b42-84ae-71b7fba359f4","","","","5541"
"2026-04-29T13:21:44.166474Z","2026-04-29","DEFAULT","CASH","CARD_TRANSACTION","","MCDONALDS ESPLUGUES","","","","-24.670000","","","EUR","","","","MCDONALDS ESPLUGUES","019dd967-12e6-73f1-a876-fd74bc907de4","","","","5814"
"2026-04-30T06:07:07.106544Z","2026-04-30","DEFAULT","CASH","CARD_TRANSACTION","","RailNinja-4185","","","","-182.000000","","","EUR","","","","RailNinja-4185","019ddcff-8762-7c85-9281-579cac89371d","","","","4722"
"2026-04-30T12:55:56.366310Z","2026-04-30","DEFAULT","CASH","CARD_TRANSACTION","","LIDL PAY","","","","-2.050000","","","EUR","","","","LIDL PAY","019dde75-d0ce-7b47-9c99-0d39fc976eb8","","","","5411"
"2026-04-30T08:16:41.314886Z","2026-04-30","DEFAULT","CASH","CARD_TRANSACTION","","Hotel at Booking.com","","","","-47.000000","","","EUR","","","","Hotel at Booking.com","019ddd76-2762-72ab-921b-43f8d570b926","","","","7011"
"2026-04-30T08:39:27.385566Z","2026-04-30","DEFAULT","CASH","CARD_TRANSACTION","","AIRBNB * HM49X3FQX2","","","","-59.000000","","","EUR","","","","AIRBNB * HM49X3FQX2","019ddd8a-ff99-75a5-b1f3-6481a1990bd9","","","","4722"
"2026-04-30T08:39:28.109511Z","2026-04-30","DEFAULT","CASH","CARD_TRANSACTION","","AIRBNB * HMM2Z83NFF","","","","-69.620000","","","EUR","","","","AIRBNB * HMM2Z83NFF","019ddd8b-026d-7fc6-9192-427bfac32a16","","","","4722"
"2026-04-30T08:57:18.384721Z","2026-04-30","DEFAULT","CASH","CARD_TRANSACTION","","VUELING AIRLINES","","","","-109.940000","","","EUR","","","","VUELING AIRLINES","019ddd9b-5730-714b-8727-9e3f24e9d9b9","","","","4511"
"2026-04-30T09:20:51.828646Z","2026-04-30","DEFAULT","CASH","CARD_TRANSACTION","","WWW.AMAZON","","","","-26.020000","","","EUR","","","","WWW.AMAZON*NN3HV8QQ4","019dddb0-e874-760a-98fa-1f648a09e112","","","","5999"
"2026-04-30T09:34:05.290132Z","2026-04-30","DEFAULT","CASH","CARD_TRANSACTION","","Kiwi.com","","","","-98.000000","","","EUR","","","","KIWI.COM","019dddbd-03ea-786d-b4d0-a56acf7d62a8","","","","4722"
"2026-04-30T09:47:14.323558Z","2026-04-30","DEFAULT","CASH","CARD_TRANSACTION","","Omio   *omio","","","","-41.970000","","","EUR","","","","OMIO   *OMIO","019dddc9-0e13-7910-afe7-72a7e2e5bb6b","","","","4112"
"2026-04-30T12:54:49.434329Z","2026-04-30","DEFAULT","CASH","CARD_TRANSACTION","","eDreams","","","","-171.940000","","","EUR","","","","eDreams","019dde74-cb5a-73ac-b653-cc136563aa4c","","","","4722"
"2026-04-30T13:09:20.618881Z","2026-04-30","DEFAULT","CASH","CARD_TRANSACTION","","DOYOUSPAIN.COM","","","","-89.520000","","","EUR","","","","DOYOUSPAIN.COM","019dde82-166a-75d5-9327-d103f842ec1a","","","","7512"
"2026-05-01T01:03:11.374922Z","2026-05-01","DEFAULT","CASH","INTEREST_PAYMENT","","","","","","16.610000","","-3.16","EUR","","","","Interest payment for payout collection 019de10d-8db0-73a7-8fd6-ce821f06303b","019de10f-a20e-7524-b4e4-f06a1ad8c407","","","",""
"2026-05-01T02:14:53.573933Z","2026-05-01","DEFAULT","CASH","BENEFITS_SAVEBACK","","","","","","15.000000","","-2.85","EUR","","",""," Saveback cash reward 0ac4b23a-4966-46a0-9d79-64a3b031a206 for reservation: 1bb11b0b-7027-46d5-b8cd-a44c3506cd40","019de151-4785-7836-b8e4-631da42362f5","","","",""
"2026-05-01T06:38:22.835518Z","2026-05-01","DEFAULT","CASH","CARD_TRANSACTION","","austrian.com","","","","-275.670000","","","EUR","","","","AUSTRIAN.CO 2574006669028","019de242-8273-745a-9b45-7d89b1c713b5","","","","3051"
"2026-05-01T07:40:48.386804Z","2026-05-01","DEFAULT","CASH","CARD_TRANSACTION","","AIRBNB * HM45RY24NF","","","","-483.560000","","","EUR","","","","AIRBNB * HM45RY24NF","019de27b-a982-7d1a-af18-2682431c14e4","","","","4722"
"2026-05-02T07:40:44.674135Z","2026-05-02","DEFAULT","CASH","CARD_TRANSACTION","","MEDIACASA","","","","-7.950000","","","EUR","","","","MEDIACASA","019de7a1-f702-7f7e-9930-807cee69e9cf","","","","5651"
"2026-05-02T11:25:41.151924Z","2026-05-02","DEFAULT","CASH","CARD_TRANSACTION","","HIPERMERCAT ESCLAT H82T","","","","-21.890000","","","EUR","","","","HIPERMERCAT ESCLAT H82T","019de86f-e79f-7326-9451-30c9b62d51a2","","","","5411"
"2026-05-03T08:30:56.893436Z","2026-05-03","DEFAULT","CASH","CARD_TRANSACTION","","MEDIACASA","","","","-6.250000","","","EUR","","","","MEDIACASA","019decf6-497d-726e-847d-268481c17b2a","","","","5651"
"2026-05-04T06:44:53.954Z","2026-05-04","DEFAULT","TRADING","BUY","CRYPTO","Bitcoin","BTC","0.0001730000","69979.9700000000","-12.11","","","EUR","","","","Savings plan execution XF000BTC0017 Bitcoin, quantity: 0.000173","9193235c-c33d-46cf-abd6-64cb91a61f08","","","",""
"2026-05-04T06:49:59.383Z","2026-05-04","DEFAULT","TRADING","BUY","CRYPTO","Bitcoin","BTC","0.0007110000","70262.7300000000","-49.96","","","EUR","","","","Savings plan execution XF000BTC0017 Bitcoin, quantity: 0.000711","098613e7-d2bd-4e79-8568-cef6c57c5579","","","",""
"2026-05-04T08:33:17.408352Z","2026-05-04","DEFAULT","CASH","CARD_TRANSACTION","","ESCLATOIL 4082T TOSSA DE","","","","-44.290000","","","EUR","","","","ESCLATOIL 4082T TOSSA DE","019df21e-ca60-7bd8-994b-5033e3ff5d12","","","","5542"
"2026-05-04T09:50:21.685527Z","2026-05-04","DEFAULT","CASH","CARD_TRANSACTION","","BKG*Hotel at Booking.c","","","","-1312.540000","","","EUR","","","","BKG*HOTEL AT BOOKING.C","019df265-59f5-78a9-9ce0-decbe1c7288e","","","","4722"
"2026-05-04T10:10:52.955Z","2026-05-04","DEFAULT","TRADING","BUY","FUND","Physical Swiss Gold USD ","JE00B588CD74","0.0489500000","373.4400000000","-18.28","","","EUR","","","","Savings plan execution JE00B588CD74 WisdomTree Physical Swiss Gold, quantity: 0.048950","1bc23412-9da1-443e-a23f-e14c59254543","","","",""
"2026-05-04T11:51:01.460620Z","2026-05-04","DEFAULT","CASH","CARD_TRANSACTION","","DOYOUSPAIN.COM","","","","-101.150000","","","EUR","","","","DOYOUSPAIN.COM","019df2d3-d254-765b-8e58-c67fd80689ad","","","","7512"
"2026-05-04T11:51:56.880876Z","2026-05-04","DEFAULT","CASH","CARD_TRANSACTION","","VUELING AIRLINES","","","","-45.000000","","","EUR","","","","VUELING AIRLINES","019df2d4-aad0-72a7-b318-0622aface7d6","","","","4511"
"2026-05-05T09:55:54.388726Z","2026-05-05","DEFAULT","CASH","CARD_TRANSACTION","","UBR* PENDING.UBER.COM","","","","-26.950000","","","EUR","","","","UBER   *TRIP","019df790-c994-7094-92bd-cf0357785d36","","","","4121"
"2026-05-05T10:12:49.832730Z","2026-05-05","DEFAULT","CASH","CARD_TRANSACTION","","HOFER DANKT","","","","-13.080000","","","EUR","","","","Hofer Dankt","019df7a0-4828-789e-ab1b-fce22e7fcfe4","","","","5411"
"2026-05-05T10:12:08.275476Z","2026-05-05","DEFAULT","CASH","CARD_TRANSACTION","","BLOCHBERGEREISPRODUKTGMBH","","","","-2.500000","","","EUR","","","","BlochbergerEisproduktGmbH","019df79f-a5d3-76e6-b710-1ca29bac2a6d","","","","5812"
"2026-05-05T10:14:47.225601Z","2026-05-05","DEFAULT","CASH","CARD_TRANSACTION","","RESTAURANT AYAM ZAMAN","","","","-1.000000","","","EUR","","","","Restaurant Ayam Zaman","019df7a2-12b9-7c6a-83c1-dfb6ebdf21ec","","","","5812"
"2026-05-05T11:54:44.801411Z","2026-05-05","DEFAULT","CASH","CARD_TRANSACTION","","BILLA DANKT 0001375","","","","-1.990000","","","EUR","","","","BILLA DANKT 0001375","019df7fd-96c1-7ae0-a8a5-91b700265b8e","","","","5411"
"2026-05-05T14:06:56.417264Z","2026-05-05","DEFAULT","CASH","CARD_TRANSACTION","","TGTG j28ptkzdg8a60","","","","-4.990000","","","EUR","","","","TGTG j28ptkzdg8a60","019df876-9da1-768c-b2d9-57d28071842c","","","","5812"
"2026-05-05T14:22:18.096229Z","2026-05-05","DEFAULT","CASH","CARD_TRANSACTION","","Booking.com Hotel","","","","-45.050000","","","EUR","","","","Booking.com Hotel","019df884-adf0-7d7b-b4a2-8ea8e3813b94","","","","7011"
"2026-05-05T14:31:41.166208Z","2026-05-05","DEFAULT","CASH","CARD_TRANSACTION","","FAIRTIQ","","","","-3.200000","","","EUR","","","","FAIRTIQ","019df88d-456e-7717-b4ff-c691cff1edc4","","","","4111"
"2026-05-06T08:51:51.975426Z","2026-05-06","DEFAULT","CASH","CARD_TRANSACTION","","LEBERKAS-PEPI","","","","-3.640000","","","EUR","","","","LEBERKAS-PEPI","019dfc7c-8427-78c5-9a7e-66c5a22e56d6","","","","5812"
"2026-05-06T09:51:44.160461Z","2026-05-06","DEFAULT","CASH","CARD_TRANSACTION","","SPAR DANKT 3424","","","","-24.570000","","","EUR","","","","Spar Dankt 3424","019dfcb3-5420-75fa-b044-3527990e2fc8","","","","5411"
"2026-05-06T09:52:46.441551Z","2026-05-06","DEFAULT","CASH","CARD_TRANSACTION","","NASCHMAX","","","","-2.500000","","","EUR","","","","naschmax","019dfcb4-4769-74db-a170-9b03cef42795","","","","5411"
"2026-05-06T09:36:07.884020Z","2026-05-06","DEFAULT","CASH","CARD_TRANSACTION","","BKG*Hotel at Booking.c","","","","-1417.500000","","","EUR","","","","BKG*HOTEL AT BOOKING.C","019dfca5-0acc-7490-8de7-d0efe2fb6529","","","","4722"
"2026-05-06T09:47:28.696161Z","2026-05-06","DEFAULT","CASH","CARD_TRANSACTION","","Ryanair","","","","-276.350000","","","EUR","","","","RYANAIR     G3LEMD0","019dfcaf-6e38-7b8c-9bcd-080187545473","","","","3246"
"2026-05-06T09:50:12.011603Z","2026-05-06","DEFAULT","CASH","CARD_TRANSACTION","","Ryanair","","","","-140.270000","","","EUR","","","","RYANAIR     L4VFFA0","019dfcb1-ec2b-7c4d-b20b-c152f81438b5","","","","3246"
"2026-05-07T10:10:22.469006Z","2026-05-07","DEFAULT","CASH","CARD_TRANSACTION","","SPAR DANKT 3424","","","","-5.980000","","","EUR","","","","Spar Dankt 3424","019e01ea-c084-7715-8124-666d38cfd0c0","","","","5411"
"2026-05-07T13:22:38.217897Z","2026-05-07","DEFAULT","CASH","CARD_TRANSACTION","","NETFLIX.COM","","","","-6.990000","","","EUR","","","","NETFLIX.COM","019e029a-c609-79bb-b39b-195d80e118f3","","","","4899"
"2026-05-07T13:45:27.717717Z","2026-05-07","DEFAULT","CASH","CARD_TRANSACTION","","BILLA DANKT 0004068","","","","-1.190000","","","EUR","","","","BILLA DANKT 0004068","019e02af-aba5-7484-a493-68a109591cdd","","","","5411"
"2026-05-08T09:11:29.935805Z","2026-05-08","DEFAULT","CASH","CARD_TRANSACTION","","BAECKEREI WINKLER LINZ","","","","-3.500000","","","EUR","","","","BAECKEREI WINKLER LINZ","019e06db-358f-7bb8-bbe4-b18d74cb6024","","","","5462"
"2026-05-08T10:40:34.018996Z","2026-05-08","DEFAULT","CASH","CARD_TRANSACTION","","LIBRO FIL.5491","","","","-5.990000","","","EUR","","","","LIBRO FIL.5491","019e072c-c0e2-74c9-8b94-438887ac677e","","","","5942"
"2026-05-08T14:49:30.255958Z","2026-05-08","DEFAULT","CASH","CARD_TRANSACTION","","FAIRTIQ","","","","-3.200000","","","EUR","","","","FAIRTIQ","019e0810-a98f-719c-93ca-e51432e37df3","","","","4111"
"2026-05-09T08:44:50.137267Z","2026-05-09","DEFAULT","CASH","CARD_TRANSACTION","","GRIECHISCHES RESTAURANT P","","","","-24.000000","","","EUR","","","","GRIECHISCHES RESTAURANT P","019e0be9-2859-7777-82f5-ccc9dbd053ba","","","","5812"
"2026-05-09T10:28:45.806773Z","2026-05-09","DEFAULT","CASH","CARD_TRANSACTION","","SPAR DANKT 3779","","","","-9.280000","","","EUR","","","","Spar Dankt 3779","019e0c48-4e6e-7cc7-bc07-3083279de080","","","","5411"
"2026-05-09T12:26:07.528089Z","2026-05-09","DEFAULT","CASH","CARD_TRANSACTION","","BILLA DANKT 0001375","","","","-1.990000","","","EUR","","","","BILLA DANKT 0001375","019e0cb3-c128-7ba0-b375-ffa4d7f4cf71","","","","5411"
"2026-05-09T12:26:08.817604Z","2026-05-09","DEFAULT","CASH","CARD_TRANSACTION","","BILLA DANKT 0001375","","","","-2.950000","","","EUR","","","","BILLA DANKT 0001375","019e0cb3-c631-73f8-a5e5-04d804912684","","","","5411"
"2026-05-09T14:30:53.102294Z","2026-05-09","DEFAULT","CASH","CARD_TRANSACTION","","TAXI LLIC. 3693","","","","-27.650000","","","EUR","","","","TAXI LLIC. 3693","019e0d25-f9ae-7cdf-a1ed-1ae9ba27e186","","","","4121"
"2026-05-09T15:18:14.029483Z","2026-05-09","DEFAULT","CASH","CARD_TRANSACTION","","FAIRTIQ","","","","-3.200000","","","EUR","","","","FAIRTIQ","019e0d51-530d-7f96-b31c-d430ea5f0b4d","","","","4111"
"2026-05-10T08:53:57.152406Z","2026-05-10","DEFAULT","CASH","CARD_TRANSACTION","","DOMESTIK H2","","","","-7.750000","","","EUR","","","","DOMESTIK H2","019e1117-dd20-753f-8cfc-6cbf39862989","","","","5947"
"2026-05-10T09:03:27.707800Z","2026-05-10","DEFAULT","CASH","CARD_TRANSACTION","","LA SIRENA","","","","-9.970000","","","EUR","","","","LA SIRENA","019e1120-91db-789a-993b-b9d80d7934ac","","","","5411"
"2026-05-10T11:57:26.436224Z","2026-05-10","DEFAULT","CASH","CARD_TRANSACTION","","FENICIA","","","","-40.800000","","","EUR","","","","FENICIA","019e11bf-da24-7cdb-872a-0834994dff1b","","","","5812"
"2026-05-10T14:03:23.686432Z","2026-05-10","DEFAULT","CASH","CARD_TRANSACTION","","ESPUCARN HOSPITALET","","","","-48.880000","","","EUR","","","","ESPUCARN HOSPITALET","019e1233-2aa6-7b89-b3e8-973c14c0b954","","","","5411"
"2026-05-11T09:59:08.182Z","2026-05-11","DEFAULT","TRADING","BUY","FUND","Physical Swiss Gold USD ","JE00B588CD74","0.0323060000","378.5600000000","-12.23","","","EUR","","","","Savings plan execution JE00B588CD74 WITR MET.SEC.Z09/UN.XAU, quantity: 0.032306","c0fcd95b-58e5-4cc6-960d-b88bcd7acbe4","","","",""
"2026-05-11T11:15:19.202254Z","2026-05-11","DEFAULT","CASH","CARD_TRANSACTION","","CONDIS JOSEP TARRADELL","","","","-8.430000","","","EUR","","","","CONDIS JOSEP TARRADELL","019e16bf-a622-7c19-97d9-bda3592addad","","","","5411"
"2026-05-11T13:28:22.307685Z","2026-05-11","DEFAULT","CASH","TRANSFER_INSTANT_INBOUND","","JAVIER RODRIGUEZ SERRANO","","","","4000.000000","","","EUR","","","","Incoming transfer from JAVIER RODRIGUEZ SERRANO (ES0721000602770101098778)","019e1739-7623-7391-a7df-4b2f5fb45087","JAVIER RODRIGUEZ SERRANO","ES0721000602770101098778","",""
"2026-05-12T13:12:53.710428Z","2026-05-12","DEFAULT","CASH","CARD_TRANSACTION","","LIDL PAY","","","","-47.690000","","","EUR","","","","LIDL PAY","019e1c51-a6ce-7943-9550-802415d69743","","","","5411"
"2026-05-14T08:08:54.510297Z","2026-05-14","DEFAULT","CASH","INTEREST_PAYMENT","BOND","Aug. 2029","XS2800678224","","","64.010000","","-12.16","EUR","","","","Interest Payment for ISIN XS2800678224","019e2588-0fee-77c9-8eb1-6936a38acf4f","","","",""
"2026-05-14T13:00:20.747111Z","2026-05-14","DEFAULT","CASH","CARD_TRANSACTION","","LIDL PAY","","","","-1.880000","","","EUR","","","","LIDL PAY","019e2692-e18b-7656-a73f-ae48bdb75e76","","","","5411"
"2026-05-14T14:21:21.461957Z","2026-05-14","DEFAULT","CASH","CARD_TRANSACTION","","RESTAURANTE MARCELINO","","","","-8.100000","","","EUR","","","","RESTAURANTE MARCELINO","019e26dd-0cb5-78e1-aa62-3228402dfb8d","","","","5812"
"2026-05-16T14:02:57.855323Z","2026-05-16","DEFAULT","CASH","CARD_TRANSACTION","","SUSHISOM","","","","-25.900000","","","EUR","","","","SUSHISOM","019e3118-edbf-7e8e-b4b5-5a3e34153e95","","","","5812"
"2026-05-17T08:04:42.615726Z","2026-05-17","DEFAULT","CASH","CARD_TRANSACTION","","MERCADONA PRAT DE LA RIBA","","","","-31.420000","","","EUR","","","","MERCADONA PRAT DE LA RIBA","019e34f7-4bf7-70f3-8db9-4356267b93e6","","","","5411"
"2026-05-17T08:01:12.523706Z","2026-05-17","DEFAULT","CASH","CARD_TRANSACTION","","Action 6004","","","","-14.650000","","","EUR","","","","Action 6004","019e34f4-174b-78c0-96fd-2acb320ae2cb","","","","5310"
"2026-05-18T10:00:24.400Z","2026-05-18","DEFAULT","TRADING","BUY","FUND","Physical Swiss Gold USD ","JE00B588CD74","0.0072580000","373.3600000000","-2.71","","","EUR","","","","Savings plan execution JE00B588CD74 WisdomTree Physical Swiss Gold, quantity: 0.007258","e706ec44-4345-40dc-9225-4f5b72503fc9","","","",""
"2026-05-18T12:04:13.371947Z","2026-05-18","DEFAULT","CASH","CARD_TRANSACTION","","GUAL CENTRE DE JARDINERIA","","","","-14.650000","","","EUR","","","","GUAL CENTRE DE JARDINERIA","019e3af8-efbb-7a1c-af7a-f1cf0f6c17d0","","","","5992"
"2026-05-19T13:07:54.273111Z","2026-05-19","DEFAULT","CASH","CARD_TRANSACTION","","LIDL PAY","","","","-10.170000","","","EUR","","","","LIDL PAY","019e4059-9921-7a30-a0a7-067be3af6cd3","","","","5411"
"2026-05-21T13:00:31.309182Z","2026-05-21","DEFAULT","CASH","CARD_TRANSACTION","","CASA MARCELINO","","","","-11.300000","","","EUR","","","","CASA MARCELINO","019e4a9f-8ecd-749d-8d7e-0d7e3d70ca67","","","","5812"
"2026-05-22T07:06:00.360431Z","2026-05-22","DEFAULT","CASH","CARD_TRANSACTION","","BOLT.EUO2605212139","","","","-10.900000","","","EUR","","","","BOLT.EUO2605212139","019e4e81-5928-7313-8577-2ef39d330bdf","","","","4121"
"2026-05-22T13:25:19.778845Z","2026-05-22","DEFAULT","CASH","CARD_TRANSACTION","","LIDL PAY","","","","-2.280000","","","EUR","","","","LIDL PAY","019e4fdc-a122-7db2-a488-5e534ca348d5","","","","5411"
"2026-05-22T13:59:38.216743Z","2026-05-22","DEFAULT","CASH","CARD_TRANSACTION","","MACXIPA PRAT DE LA RIBA","","","","-1.300000","","","EUR","","","","MACXIPA PRAT DE LA RIBA","019e4ffc-09e8-71e2-95b2-4e417f393424","","","","5411"
"2026-05-23T11:58:43.798500Z","2026-05-23","DEFAULT","CASH","CARD_TRANSACTION","","BRAT.REST.FLAGSHIP,BA,N","","","","-25.600000","","","EUR","","","","BRAT.REST.FLAGSHIP,BA,N","019e54b3-b456-7f30-92eb-fafd6dd4262b","","","","5812"
"2026-05-23T08:33:45.702642Z","2026-05-23","DEFAULT","CASH","CARD_TRANSACTION","","KAVOMATY-ZELEZNICE SLO","","","","-1.300000","","","EUR","","","","KAVOMATY-ZELEZNICE SL","019e53f8-0ce6-74fd-9f8c-24312f3a255b","","","","5812"
"2026-05-23T12:43:59.507443Z","2026-05-23","DEFAULT","CASH","CARD_TRANSACTION","","BILLA 122","","","","-6.430000","","","EUR","","","","BILLA 122","019e54dd-2493-7dc9-9330-15b3d8656b4e","","","","5411"
"2026-05-23T13:18:56.940057Z","2026-05-23","DEFAULT","CASH","CARD_TRANSACTION","","BRATISLAVACENTER","","","","-6.000000","","","EUR","","","","BRATISLAVACENTER","019e54fd-25ac-73f8-a04d-edb8cf4af3bc","","","","7399"
"2026-05-24T07:47:00.503097Z","2026-05-24","DEFAULT","CASH","CARD_TRANSACTION","","SumUp  *Panda Sushi","","","","-10.400000","","","EUR","","","","SumUp  *Panda Sushi","019e58f3-9b17-7a6d-ba9e-157e7538a348","","","","5499"
"2026-05-24T06:20:21.976147Z","2026-05-24","DEFAULT","CASH","CARD_TRANSACTION","","B?ckerei M?bius","","","","-5.000000","","","EUR","","","","B?ckerei M?bius","019e58a4-4858-7512-8976-7f1ba54d8aa9","","","","5462"
"2026-05-24T06:23:19.093841Z","2026-05-24","DEFAULT","CASH","CARD_TRANSACTION","","AGODA.COM","","","","-173.460000","","","EUR","","","","AGODA.COM","019e58a6-fc35-7133-befc-94f46b006c23","","","","4722"
"2026-05-24T10:52:17.554580Z","2026-05-24","DEFAULT","CASH","CARD_TRANSACTION","","SPC*CAMONDAS DRESDEN","","","","-2.050000","","","EUR","","","","SPC*Camondas Dresden","019e599d-3d12-7a18-9527-4389d32ad33b","","","","5411"
"2026-05-24T10:52:04.943651Z","2026-05-24","DEFAULT","CASH","CARD_TRANSACTION","","CONTIPARK 09011634601 DRE","","","","-6.000000","","","EUR","","","","Contipark 09011634601 DRE","019e599d-0bcf-7525-89d8-5cdb1bcafca9","","","","7523"
"2026-05-24T13:45:37.428605Z","2026-05-24","DEFAULT","CASH","CARD_TRANSACTION","","DOPRAVNY PODNIK BA","","","","-79.000000","","","EUR","","","","DOPRAVNY PODNIK BA","019e5a3b-ed94-79e2-8ae0-de946f22e036","","","","4111"
"2026-05-24T13:45:30.512423Z","2026-05-24","DEFAULT","CASH","CARD_TRANSACTION","","DOPRAVNY PODNIK BA","","","","-79.000000","","","EUR","","","","DOPRAVNY PODNIK BA","019e5a3b-d290-7bf3-ba93-f82bfeb9e7c7","","","","4111"
"2026-05-25T07:32:37.187180Z","2026-05-25","DEFAULT","CASH","CARD_TRANSACTION","","KAUFLAND DRESDEN GORBITZ","","","","-6.280000","","","EUR","","","","KAUFLAND DRESDEN GORBITZ","019e5e0c-cac3-7f4d-a832-c5cfdb5babb5","","","","5411"
"2026-05-25T08:17:22.321470Z","2026-05-25","DEFAULT","CASH","CARD_TRANSACTION","","EasyPark Espana S.L.U.","","","","-2.130000","","","EUR","","","","EasyPark Espana S.L.U.","019e5e35-c391-7dcc-8cbf-14572137036a","","","","7523"
"2026-05-25T09:58:36.526Z","2026-05-25","DEFAULT","TRADING","BUY","FUND","Physical Swiss Gold USD ","JE00B588CD74","0.0390660000","375.2600000000","-14.66","","","EUR","","","","Savings plan execution JE00B588CD74 WisdomTree Physical Swiss Gold, quantity: 0.039066","726e2fd7-3554-4989-93a6-3f3e1fc6c446","","","",""
"2026-05-25T11:45:22.298168Z","2026-05-25","DEFAULT","CASH","CARD_TRANSACTION","","Hikari Dresden GmbH","","","","-5.500000","","","EUR","","","","HIKARI DRESDEN GMBH","019e5ef4-317a-7a20-bfbf-597721d88197","","","","5812"
"2026-05-25T13:38:07.274785Z","2026-05-25","DEFAULT","CASH","CARD_TRANSACTION_INTERNATIONAL","","PRAHA MALOSTRANSKA","","","","-1.240000","","","EUR","-30.00","CZK","0.041333","PRAHA MALOSTRANSKA 4990, 30,00 CZK, exchange rate: 0,0413333, ECB rate: 0,0411709004, markup: 0,39445239 %","019e5f5b-6b2a-799f-ae99-34b615df530c","","","","5192"
"2026-05-26T12:22:17.701016Z","2026-05-26","DEFAULT","CASH","CARD_TRANSACTION_INTERNATIONAL","","DPP Tramvaje","","","","-1.610000","","","EUR","-39.00","CZK","0.041282","DPP Tramv*PH40005456, 39,00 CZK, exchange rate: 0,0412821, ECB rate: 0,0412218146, markup: 0,14624635 %","019e643c-5b65-7383-81a6-b7eebd8d4473","","","","4111"
"2026-05-26T15:24:40.822784Z","2026-05-26","DEFAULT","CASH","INTEREST_PAYMENT","BOND","Mai 2028","XS1420357318","","","57.990000","","-11.02","EUR","","","","Interest Payment for ISIN XS1420357318","019e64e3-55f6-7359-857d-3afc8702f99c","","","",""
"2026-05-27T13:23:23.624419Z","2026-05-27","DEFAULT","CASH","CARD_TRANSACTION","","LIDL PAY","","","","-21.940000","","","EUR","","","","LIDL PAY","019e699a-a768-72bd-8f80-c0edcdace537","","","","5411"
"2026-05-27T15:21:51.570965Z","2026-05-27","DEFAULT","CASH","CARD_TRANSACTION_INTERNATIONAL","","DPP Tramvaje","","","","-1.610000","","","EUR","-39.00","CZK","0.041282","DPP Tramv*PH41001315, 39,00 CZK, exchange rate: 0,0412821, ECB rate: 0,0411793774, markup: 0,24945156 %","019e6a07-1cd2-7060-a7b7-014f15c755b5","","","","4111"
"2026-05-28T13:54:22.795935Z","2026-05-28","DEFAULT","CASH","CARD_TRANSACTION","","FUNDACIO JOSEP FINESTRES","","","","-50.000000","","","EUR","","","","FUNDACIO JOSEP FINESTRES","019e6edd-61cb-7545-a7a6-7c13b3675ca3","","","","8062"
"2026-05-28T13:22:32.740216Z","2026-05-28","DEFAULT","CASH","CARD_TRANSACTION","","LIDL PAY","","","","-1.750000","","","EUR","","","","LIDL PAY","019e6ec0-3ca4-7dad-8c1c-8d36fe39faff","","","","5411"
"2026-05-29T13:14:28.043146Z","2026-05-29","DEFAULT","CASH","CARD_TRANSACTION","","MERCADONA PRAT DE LA RIBA","","","","-8.050000","","","EUR","","","","MERCADONA PRAT DE LA RIBA","019e73df-334b-763a-98d2-a3b92aab1df6","","","","5411"
"2026-05-30T14:35:13.622626Z","2026-05-30","DEFAULT","CASH","CARD_TRANSACTION","","LIDL PAY","","","","-3.950000","","","EUR","","","","LIDL PAY","019e794f-7f56-7741-98b8-3fc68e2769f6","","","","5411"
"2026-05-31T08:47:57.700218Z","2026-05-31","DEFAULT","CASH","CARD_TRANSACTION","","ALDI IGUALADA","","","","-20.330000","","","EUR","","","","ALDI IGUALADA","019e7d37-ed04-71b9-a5c0-f4f0f3e24eb2","","","","5411"
"2026-05-31T13:05:53.312301Z","2026-05-31","DEFAULT","CASH","CARD_TRANSACTION","","MARKET IGUALAD2","","","","-0.990000","","","EUR","","","","MARKET IGUALAD2","019e7e24-10a0-741a-af6c-709e3e7ef10c","","","","5411"
"2026-05-31T23:13:25.386979Z","2026-06-01","DEFAULT","CASH","BENEFITS_SAVEBACK","CRYPTO","Bitcoin","BTC","","","15.000000","","-2.85","EUR","","",""," Saveback cash reward bd8666ee-5058-4525-8678-de466482b98b for reservation: 03d86daf-9107-4660-9faa-19e42332197e","019e8050-478a-72a4-8100-6e0c3df93543","","","",""
"2026-06-01T01:55:39.403018Z","2026-06-01","DEFAULT","CASH","INTEREST_PAYMENT","","","","","","13.290000","","-2.53","EUR","","","","Interest payment for payout collection 019e80c8-c565-74d4-aba0-1a0240268d43","019e80e4-cf0b-79c4-950d-6ae0373934db","","","",""
"2026-06-01T11:44:10.184725Z","2026-06-01","DEFAULT","CASH","CARD_TRANSACTION","","SUSHISOM","","","","-35.900000","","","EUR","","","","SUSHISOM","019e82ff-9bc8-7ad6-850f-05ba0808a8fc","","","","5812"
"2026-06-02T07:02:32.020Z","2026-06-02","DEFAULT","TRADING","BUY","CRYPTO","Bitcoin","BTC","0.0001960000","61913.2400000000","-12.13","","","EUR","","","","Savings plan execution XF000BTC0017 Bitcoin, quantity: 0.000196","c1134ab0-c09b-450a-9520-e165dc196bd7","","","",""
"2026-06-02T07:06:44.918Z","2026-06-02","DEFAULT","TRADING","BUY","CRYPTO","Bitcoin","BTC","0.0008070000","61906.3300000000","-49.96","","","EUR","","","","Savings plan execution XF000BTC0017 Bitcoin, quantity: 0.000807","04997b19-7df9-4934-b13e-d13d376e1643","","","",""
